line,uid,fc,interpretation,pdu
3,1,3,FC3 request: start=25012 qty=1,03 61 B4 00 01
3,1,3,FC3 response: 1 reg(s) [124],03 02 00 7C
5,1,3,FC3 request: start=16 qty=18,03 00 10 00 12
7,1,3,"FC3 response: 18 reg(s) [0, 21247, 0, 21324, 0, 21081]",03 24 00 00 52 FF 00 00 53 4C 00 00 52 59 00 02 E7 C6 00 02 E9 F4 00 02 EA 84 00 05 08 60 00 05 0D D6 00 05 0B 2D
9,1,3,FC3 request: start=102 qty=16,03 00 66 00 10
11,1,3,"FC3 response: 16 reg(s) [18, 32857, 0, 0, 18, 33919]",03 20 00 12 80 59 00 00 00 00 00 12 84 7F 00 00 00 00 00 00 00 00 00 00 00 00 00 00 00 00 00 00 C6 43
13,1,3,FC3 request: start=166 qty=36,03 00 A6 00 24
15,1,3,"FC3 response: 36 reg(s) [2489, 20532, 8, 54447, 2555, 19767]",03 48 09 B9 50 34 00 08 D4 AF 09 FB 4D 37 00 12 4A BE 00 0B 3B 78 00 97 81 64 05 C7 5D BA 00 03 25 A5 00 00 03 E7 00 1F 25 81 00 00 59 0C 00 1F 15 36 00 00 2E 21 00 00 00 03 00 11 72 2A 00 00 00 02 00 08 CF 46 00 00 13 89
17,1,3,FC3 request: start=25012 qty=1,03 61 B4 00 01
17,1,3,FC3 response: 1 reg(s) [124],03 02 00 7C
19,1,3,FC3 request: start=16 qty=18,03 00 10 00 12
21,1,3,"FC3 response: 18 reg(s) [0, 21168, 0, 21256, 0, 20962]",03 24 00 00 52 B0 00 00 53 08 00 00 51 E2 00 02 E5 47 00 02 E8 D9 00 02 E9 F4 00 05 04 88 00 05 0D 4E 00 05 08 54
21,1,3,FC3 request: start=102 qty=16,03 00 66 00 10
23,1,3,"FC3 response: 16 reg(s) [18, 26907, 0, 0, 18, 27461]",03 20 00 12 69 1B 00 00 00 00 00 12 6B 45 00 00 00 00 00 00 00 00 00 00 00 00 00 00 00 00 00 00 8E C9
23,1,3,FC3 request: start=166 qty=36,03 00 A6 00 24
27,1,3,FC3 request: start=25012 qty=1,03 61 B4 00 01
29,1,3,FC3 response: 1 reg(s) [124],03 02 00 7C
31,1,3,FC3 request: start=16 qty=18,03 00 10 00 12
33,1,3,"FC3 response: 18 reg(s) [0, 21193, 0, 21190, 0, 20988]",03 24 00 00 52 C9 00 00 52 C6 00 00 51 FC 00 02 E7 55 00 02 EA 04 00 02 E9 4A 00 05 08 99 00 05 0C B7 00 05 09 49
33,1,3,FC3 request: start=102 qty=16,03 00 66 00 10
35,1,3,"FC3 response: 16 reg(s) [18, 27662, 0, 0, 18, 27862]",03 20 00 12 6C 0E 00 00 00 00 00 12 6C D6 00 00 00 00 00 00 00 00 00 00 00 00 00 00 00 00 00 00 55 EC
37,1,3,FC3 request: start=166 qty=36,03 00 A6 00 24
43,1,3,FC3 request: start=25012 qty=1,03 61 B4 00 01
43,1,3,FC3 response: 1 reg(s) [124],03 02 00 7C
45,1,3,FC3 request: start=16 qty=18,03 00 10 00 12
47,1,3,"FC3 response: 18 reg(s) [0, 21373, 0, 21381, 0, 20991]",03 24 00 00 53 7D 00 00 53 85 00 00 51 FF 00 02 E9 64 00 02 E9 F9 00 02 E8 E7 00 05 0B 2F 00 05 0B 1A 00 05 0B 23
47,1,3,FC3 request: start=102 qty=16,03 00 66 00 10
49,1,3,"FC3 response: 16 reg(s) [18, 33228, 0, 0, 18, 34449]",03 20 00 12 81 CC 00 00 00 00 00 12 86 91 00 00 00 00 00 00 00 00 00 00 00 00 00 00 00 00 00 00 D4 A4
49,1,3,FC3 request: start=166 qty=36,03 00 A6 00 24
53,1,3,FC3 request: start=25012 qty=1,03 61 B4 00 01
53,1,3,FC3 response: 1 reg(s) [124],03 02 00 7C
55,1,3,FC3 request: start=16 qty=18,03 00 10 00 12
57,1,3,"FC3 response: 18 reg(s) [0, 21275, 0, 21195, 0, 21168]",03 24 00 00 53 1B 00 00 52 CB 00 00 52 B0 00 02 E8 0E 00 02 E9 EE 00 02 EA 7B 00 05 08 B2 00 05 0D 98 00 05 0B 78
57,1,3,FC3 request: start=102 qty=16,03 00 66 00 10
59,1,3,"FC3 response: 16 reg(s) [18, 32445, 0, 0, 18, 33531]",03 20 00 12 7E BD 00 00 00 00 00 12 82 FB 00 00 00 00 00 00 00 00 00 00 00 00 00 00 00 00 00 00 C8 86
59,1,3,FC3 request: start=166 qty=36,03 00 A6 00 24
63,1,3,FC3 request: start=25012 qty=1,03 61 B4 00 01
65,1,3,FC3 response: 1 reg(s) [124],03 02 00 7C
67,1,3,FC3 request: start=16 qty=18,03 00 10 00 12
69,1,3,"FC3 response: 18 reg(s) [0, 21094, 0, 21169, 0, 20980]",03 24 00 00 52 66 00 00 52 B1 00 00 51 F4 00 02 E4 E2 00 02 E8 EF 00 02 E9 0E 00 05 04 AC 00 05 0C 95 00 05 06 D2
69,1,3,FC3 request: start=102 qty=16,03 00 66 00 10
71,1,3,"FC3 response: 16 reg(s) [18, 23983, 0, 0, 18, 24200]",03 20 00 12 5D AF 00 00 00 00 00 12 5E 88 00 00 00 00 00 00 00 00 00 00 00 00 00 00 00 00 00 00 59 49
71,1,3,FC3 request: start=166 qty=36,03 00 A6 00 24
75,1,3,FC3 request: start=25012 qty=1,03 61 B4 00 01
75,1,3,FC3 response: 1 reg(s) [124],03 02 00 7C
77,1,3,FC3 request: start=16 qty=18,03 00 10 00 12
79,1,3,"FC3 response: 18 reg(s) [0, 21164, 0, 21213, 0, 21262]",03 24 00 00 52 AC 00 00 52 DD 00 00 53 0E 00 02 E8 D1 00 02 EA 8B 00 02 E9 33 00 05 0A FB 00 05 0C 63 00 05 0A 8E
79,1,3,FC3 request: start=102 qty=16,03 00 66 00 10
81,1,3,"FC3 response: 16 reg(s) [18, 32935, 0, 0, 18, 33373]",03 20 00 12 80 A7 00 00 00 00 00 12 82 5D 00 00 00 00 00 00 00 00 00 00 00 00 00 00 00 00 00 00 7F 76
81,1,3,FC3 request: start=166 qty=36,03 00 A6 00 24
85,1,3,FC3 request: start=25012 qty=1,03 61 B4 00 01
85,1,3,FC3 response: 1 reg(s) [124],03 02 00 7C
87,1,3,FC3 request: start=16 qty=18,03 00 10 00 12
89,1,3,"FC3 response: 18 reg(s) [0, 21418, 0, 21494, 0, 20986]",03 24 00 00 53 AA 00 00 53 F6 00 00 51 FA 00 02 E8 F9 00 02 EA 03 00 02 E8 38 00 05 0B 20 00 05 0A 96 00 05 09 E0
91,1,3,FC3 request: start=102 qty=16,03 00 66 00 10
93,1,3,"FC3 response: 16 reg(s) [18, 35401, 0, 0, 18, 36714]",03 20 00 12 8A 49 00 00 00 00 00 12 8F 6A 00 00 00 00 00 00 00 00 00 00 00 00 00 00 00 00 00 00 D7 76
95,1,3,FC3 request: start=166 qty=36,03 00 A6 00 24
99,114,42,FC42 raw len=28,2A 00 00 00 02 00 08 CF 46 00 00 13 88 DC DE 01 03 61 B4 00 01 DB D0 01 03 02 00 7C
101,1,3,FC3 request: start=16 qty=18,03 00 10 00 12
103,1,3,"FC3 response: 18 reg(s) [0, 21237, 0, 21276, 0, 21018]",03 24 00 00 52 F5 00 00 53 1C 00 00 52 1A 00 02 E6 35 00 02 E9 2B 00 02 E9 AA 00 05 06 29 00 05 0C D0 00 05 08 DB
103,1,3,FC3 request: start=102 qty=16,03 00 66 00 10
105,1,3,"FC3 response: 16 reg(s) [18, 29590, 0, 0, 18, 30435]",03 20 00 12 73 96 00 00 00 00 00 12 76 E3 00 00 00 00 00 00 00 00 00 00 00 00 00 00 00 00 00 00 B0 97
107,1,3,FC3 request: start=166 qty=36,03 00 A6 00 24
111,186,1,FC1 raw len=5,01 03 61 B4 00
111,1,3,FC3 response: 1 reg(s) [124],03 02 00 7C
113,1,3,FC3 request: start=16 qty=18,03 00 10 00 12
115,1,3,"FC3 response: 18 reg(s) [0, 21121, 0, 21111, 0, 21060]",03 24 00 00 52 81 00 00 52 77 00 00 52 44 00 02 E6 87 00 02 E9 E2 00 02 E9 10 00 05 07 A5 00 05 0C BE 00 05 08 30
115,1,3,FC3 request: start=102 qty=16,03 00 66 00 10
117,1,3,"FC3 response: 16 reg(s) [18, 25974, 0, 0, 18, 26140]",03 20 00 12 65 76 00 00 00 00 00 12 66 1C 00 00 00 00 00 00 00 00 00 00 00 00 00 00 00 00 00 00 4D F9
117,1,3,FC3 request: start=166 qty=36,03 00 A6 00 24
121,1,3,FC3 request: start=25012 qty=1,03 61 B4 00 01
121,1,3,FC3 response: 1 reg(s) [124],03 02 00 7C
123,1,3,FC3 request: start=16 qty=18,03 00 10 00 12
125,1,3,"FC3 response: 18 reg(s) [0, 21151, 0, 21306, 0, 21148]",03 24 00 00 52 9F 00 00 53 3A 00 00 52 9C 00 02 E8 EE 00 02 EA D0 00 02 E9 D4 00 05 0B 09 00 05 0D 5F 00 05 0A E1
125,1,3,FC3 request: start=102 qty=16,03 00 66 00 10
127,1,3,"FC3 response: 16 reg(s) [18, 33158, 0, 0, 18, 36883]",03 20 00 12 81 86 00 00 00 00 00 12 90 13 00 00 00 00 00 00 00 00 00 00 00 00 00 00 00 00 00 00 CA 6A
129,1,3,FC3 request: start=166 qty=36,03 00 A6 00 24
135,1,3,FC3 request: start=25012 qty=1,03 61 B4 00 01
135,1,3,FC3 response: 1 reg(s) [124],03 02 00 7C
137,1,3,FC3 request: start=16 qty=18,03 00 10 00 12
139,1,3,"FC3 response: 18 reg(s) [0, 21351, 0, 21342, 0, 21155]",03 24 00 00 53 67 00 00 53 5E 00 00 52 A3 00 02 E9 16 00 02 EA 2A 00 02 EA 2F 00 05 0A 56 00 05 0C F3 00 05 0C 27
141,1,3,FC3 request: start=102 qty=16,03 00 66 00 10
143,1,3,"FC3 response: 16 reg(s) [18, 36357, 0, 0, 18, 37656]",03 20 00 12 8E 05 00 00 00 00 00 12 93 18 00 00 00 00 00 00 00 00 00 00 00 00 00 00 00 00 00 00 DB A3
145,1,3,FC3 request: start=166 qty=36,03 00 A6 00 24
149,1,3,FC3 request: start=25012 qty=1,03 61 B4 00 01
151,1,3,FC3 response: 1 reg(s) [124],03 02 00 7C
153,1,3,FC3 request: start=16 qty=18,03 00 10 00 12
155,1,3,"FC3 response: 18 reg(s) [0, 21153, 0, 21200, 0, 21026]",03 24 00 00 52 A1 00 00 52 D0 00 00 52 22 00 02 E5 4A 00 02 E9 91 00 02 E9 C2 00 05 05 79 00 05 0D E5 00 05 07 B8
155,1,3,FC3 request: start=102 qty=16,03 00 66 00 10
157,1,3,"FC3 response: 16 reg(s) [18, 27355, 0, 0, 18, 27764]",03 20 00 12 6A DB 00 00 00 00 00 12 6C 74 00 00 00 00 00 00 00 00 00 00 00 00 00 00 00 00 00 00 7A D6
157,1,3,FC3 request: start=166 qty=36,03 00 A6 00 24
161,1,3,FC3 request: start=25012 qty=1,03 61 B4 00 01
161,1,3,FC3 response: 1 reg(s) [124],03 02 00 7C
163,1,3,FC3 request: start=16 qty=18,03 00 10 00 12
165,1,3,"FC3 response: 18 reg(s) [0, 21183, 0, 21179, 0, 21034]",03 24 00 00 52 BF 00 00 52 BB 00 00 52 2A 00 02 E6 1D 00 02 EA 26 00 02 E9 70 00 05 0A 88 00 05 0D 0B 00 05 0A 3B
165,1,3,FC3 request: start=102 qty=16,03 00 66 00 10
167,1,3,"FC3 response: 16 reg(s) [18, 28223, 0, 0, 18, 33912]",03 20 00 12 6E 3F 00 00 00 00 00 12 84 78 00 00 00 00 00 00 00 00 00 00 00 00 00 00 00 00 00 00 62 EB
167,1,3,FC3 request: start=166 qty=36,03 00 A6 00 24
171,1,3,FC3 request: start=25012 qty=1,03 61 B4 00 01
171,1,3,FC3 response: 1 reg(s) [124],03 02 00 7C
173,1,3,FC3 request: start=16 qty=18,03 00 10 00 12
175,1,3,"FC3 response: 18 reg(s) [0, 21327, 0, 21436, 0, 21187]",03 24 00 00 53 4F 00 00 53 BC 00 00 52 C3 00 02 E9 69 00 02 EA CD 00 02 E9 46 00 05 0B EA 00 05 0C 71 00 05 0B 2C
175,1,3,FC3 request: start=102 qty=16,03 00 66 00 10
177,1,3,"FC3 response: 16 reg(s) [18, 38717, 0, 0, 18, 39496]",03 20 00 12 97 3D 00 00 00 00 00 12 9A 48 00 00 00 00 00 00 00 00 00 00 00 00 00 00 00 00 00 00 AA 2D
179,1,3,FC3 request: start=166 qty=36,03 00 A6 00 24
183,1,3,FC3 request: start=25012 qty=1,03 61 B4 00 01
185,1,3,FC3 response: 1 reg(s) [124],03 02 00 7C
187,1,3,FC3 request: start=16 qty=18,03 00 10 00 12
189,1,3,"FC3 response: 18 reg(s) [0, 21362, 0, 21382, 0, 21160]",03 24 00 00 53 72 00 00 53 86 00 00 52 A8 00 02 E7 74 00 02 EA 48 00 02 EA BE 00 05 08 41 00 05 0E A2 00 05 0A E5
189,1,3,FC3 request: start=102 qty=16,03 00 66 00 10
191,1,3,"FC3 response: 16 reg(s) [18, 38020, 0, 0, 18, 39048]",03 20 00 12 94 84 00 00 00 00 00 12 98 88 00 00 00 00 00 00 00 00 00 00 00 00 00 00 00 00 00 00 C3 8C
193,1,3,FC3 request: start=166 qty=36,03 00 A6 00 24
197,1,3,FC3 request: start=25012 qty=1,03 61 B4 00 01
199,1,3,FC3 response: 1 reg(s) [124],03 02 00 7C
201,1,3,FC3 request: start=16 qty=18,03 00 10 00 12
203,1,3,"FC3 response: 18 reg(s) [0, 21299, 0, 21284, 0, 21043]",03 24 00 00 53 33 00 00 53 24 00 00 52 33 00 02 E5 6F 00 02 E9 84 00 02 E9 24 00 05 05 ED 00 05 0D 0A 00 05 07 38
203,1,3,FC3 request: start=102 qty=16,03 00 66 00 10
205,1,3,"FC3 response: 16 reg(s) [18, 30170, 0, 0, 18, 30369]",03 20 00 12 75 DA 00 00 00 00 00 12 76 A1 00 00 00 00 00 00 00 00 00 00 00 00 00 00 00 00 00 00 55 A6
205,1,3,FC3 request: start=166 qty=36,03 00 A6 00 24
211,1,3,FC3 request: start=25012 qty=1,03 61 B4 00 01
211,1,3,FC3 response: 1 reg(s) [124],03 02 00 7C
213,1,3,FC3 request: start=16 qty=18,03 00 10 00 12
215,1,3,"FC3 response: 18 reg(s) [0, 21274, 0, 21324, 0, 21155]",03 24 00 00 53 1A 00 00 53 4C 00 00 52 A3 00 02 E7 97 00 02 EA 43 00 02 E9 1F 00 05 09 41 00 05 0C AE 00 05 09 3E
217,1,3,FC3 request: start=102 qty=16,03 00 66 00 10
219,1,3,"FC3 response: 16 reg(s) [18, 34944, 0, 0, 18, 35185]",03 20 00 12 88 80 00 00 00 00 00 12 89 71 00 00 00 00 00 00 00 00 00 00 00 00 00 00 00 00 00 00 5E 91
219,1,3,FC3 request: start=166 qty=36,03 00 A6 00 24
223,1,3,FC3 request: start=25012 qty=1,03 61 B4 00 01
223,1,3,FC3 response: 1 reg(s) [124],03 02 00 7C
225,1,3,FC3 request: start=16 qty=18,03 00 10 00 12
227,1,3,"FC3 response: 18 reg(s) [0, 21472, 0, 21530, 0, 21256]",03 24 00 00 53 E0 00 00 54 1A 00 00 53 08 00 02 E8 8D 00 02 E9 FF 00 02 E9 0F 00 05 0A 27 00 05 0B CA 00 05 0A 56
227,1,3,FC3 request: start=102 qty=16,03 00 66 00 10
229,1,3,"FC3 response: 16 reg(s) [18, 42847, 0, 0, 18, 44135]",03 20 00 12 A7 5F 00 00 00 00 00 12 AC 67 00 00 00 00 00 00 00 00 00 00 00 00 00 00 00 00 00 00 DB 46
229,1,3,FC3 request: start=166 qty=36,03 00 A6 00 24
233,1,3,FC3 request: start=25012 qty=1,03 61 B4 00 01
235,1,3,FC3 response: 1 reg(s) [124],03 02 00 7C
237,1,3,FC3 request: start=16 qty=18,03 00 10 00 12
239,1,3,"FC3 response: 18 reg(s) [0, 21438, 0, 21481, 0, 21118]",03 24 00 00 53 BE 00 00 53 E9 00 00 52 7E 00 02 E5 84 00 02 E9 50 00 02 E9 F5 00 05 05 57 00 05 0D B6 00 05 08 54
241,1,3,FC3 request: start=102 qty=16,03 00 66 00 10
243,1,3,"FC3 response: 16 reg(s) [18, 35680, 0, 0, 18, 36321]",03 20 00 12 8B 60 00 00 00 00 00 12 8D E1 00 00 00 00 00 00 00 00 00 00 00 00 00 00 00 00 00 00 9A 4F
243,1,3,FC3 request: start=166 qty=36,03 00 A6 00 24
247,1,3,FC3 request: start=25012 qty=1,03 61 B4 00 01
247,1,3,FC3 response: 1 reg(s) [124],03 02 00 7C
249,1,3,FC3 request: start=16 qty=18,03 00 10 00 12
251,1,3,"FC3 response: 18 reg(s) [0, 21248, 0, 21324, 0, 21059]",03 24 00 00 53 00 00 00 53 4C 00 00 52 43 00 02 E5 66 00 02 E9 50 00 02 E9 54 00 05 05 8A 00 05 0D 0D 00 05 07 82
251,1,3,FC3 request: start=102 qty=16,03 00 66 00 10
253,1,3,"FC3 response: 16 reg(s) [18, 31886, 0, 0, 18, 32117]",03 20 00 12 7C 8E 00 00 00 00 00 12 7D 75 00 00 00 00 00 00 00 00 00 00 00 00 00 00 00 00 00 00 5C 82
253,1,3,FC3 request: start=166 qty=36,03 00 A6 00 24
257,1,3,FC3 request: start=25012 qty=1,03 61 B4 00 01
257,1,3,FC3 response: 1 reg(s) [124],03 02 00 7C
259,1,3,FC3 request: start=16 qty=18,03 00 10 00 12
261,1,3,"FC3 response: 18 reg(s) [0, 21401, 0, 21448, 0, 21238]",03 24 00 00 53 99 00 00 53 C8 00 00 52 F6 00 02 E9 2B 00 02 EA BC 00 02 E9 87 00 05 0B 6A 00 05 0C CB 00 05 0B 3A
263,1,3,FC3 request: start=102 qty=16,03 00 66 00 10
265,1,3,"FC3 response: 16 reg(s) [18, 41817, 0, 0, 18, 42326]",03 20 00 12 A3 59 00 00 00 00 00 12 A5 56 00 00 00 00 00 00 00 00 00 00 00 00 00 00 00 00 00 00 89 B1
265,1,3,FC3 request: start=166 qty=36,03 00 A6 00 24
269,1,3,FC3 request: start=25012 qty=1,03 61 B4 00 01
269,1,3,FC3 response: 1 reg(s) [124],03 02 00 7C
271,1,3,FC3 request: start=16 qty=18,03 00 10 00 12
273,1,3,"FC3 response: 18 reg(s) [0, 21540, 0, 21515, 0, 21198]",03 24 00 00 54 24 00 00 54 0B 00 00 52 CE 00 02 E8 24 00 02 EA 7B 00 02 E9 F9 00 05 09 BA 00 05 0D 99 00 05 0A AA
275,1,3,FC3 request: start=102 qty=16,03 00 66 00 10
277,1,3,"FC3 response: 16 reg(s) [18, 44468, 0, 0, 18, 45569]",03 20 00 12 AD B4 00 00 00 00 00 12 B2 01 00 00 00 00 00 00 00 00 00 00 00 00 00 00 00 00 00 00 CA E3
277,1,3,FC3 request: start=166 qty=36,03 00 A6 00 24
283,1,3,FC3 request: start=25012 qty=1,03 61 B4 00 01
283,1,3,FC3 response: 1 reg(s) [124],03 02 00 7C
285,1,3,FC3 request: start=16 qty=18,03 00 10 00 12
287,1,3,"FC3 response: 18 reg(s) [0, 21440, 0, 21409, 0, 21173]",03 24 00 00 53 C0 00 00 53 A1 00 00 52 B5 00 02 E5 EB 00 02 E9 35 00 02 EA 15 00 05 05 A1 00 05 0D 82 00 05 08 FB
289,1,3,FC3 request: start=102 qty=16,03 00 66 00 10
291,1,3,"FC3 response: 16 reg(s) [18, 39204, 0, 0, 18, 39978]",03 20 00 12 99 24 00 00 00 00 00 12 9C 2A 00 00 00 00 00 00 00 00 00 00 00 00 00 00 00 00 00 00 A9 AF
291,1,3,FC3 request: start=166 qty=36,03 00 A6 00 24
295,1,3,FC3 request: start=25012 qty=1,03 61 B4 00 01
295,1,3,FC3 response: 1 reg(s) [124],03 02 00 7C
297,1,3,FC3 request: start=16 qty=18,03 00 10 00 12
299,1,3,"FC3 response: 18 reg(s) [0, 21321, 0, 21346, 0, 21171]",03 24 00 00 53 49 00 00 53 62 00 00 52 B3 00 02 E6 E7 00 02 EA 21 00 02 E9 84 00 05 08 17 00 05 0D 57 00 05 09 02
299,1,3,FC3 request: start=102 qty=16,03 00 66 00 10
301,1,3,"FC3 response: 16 reg(s) [18, 36729, 0, 0, 18, 36923]",03 20 00 12 8F 79 00 00 00 00 00 12 90 3B 00 00 00 00 00 00 00 00 00 00 00 00 00 00 00 00 00 00 54 E8
301,1,3,FC3 request: start=166 qty=36,03 00 A6 00 24
305,1,3,FC3 request: start=25012 qty=1,03 61 B4 00 01
305,1,3,FC3 response: 1 reg(s) [124],03 02 00 7C
307,1,3,FC3 request: start=16 qty=18,03 00 10 00 12
309,1,3,"FC3 response: 18 reg(s) [0, 21531, 0, 21593, 0, 21304]",03 24 00 00 54 1B 00 00 54 59 00 00 53 38 00 02 E8 E3 00 02 EA 91 00 02 E9 19 00 05 0B 23 00 05 0C 4D 00 05 0A 7B
311,1,3,FC3 request: start=102 qty=16,03 00 66 00 10
313,1,3,"FC3 response: 16 reg(s) [18, 46703, 0, 0, 18, 47843]",03 20 00 12 B6 6F 00 00 00 00 00 12 BA E3 00 00 00 00 00 00 00 00 00 00 00 00 00 00 00 00 00 00 CE A0
313,1,3,FC3 request: start=166 qty=36,03 00 A6 00 24
319,1,3,FC3 request: start=25012 qty=1,03 61 B4 00 01
319,1,3,FC3 response: 1 reg(s) [124],03 02 00 7C
321,1,3,FC3 request: start=16 qty=18,03 00 10 00 12
323,1,3,"FC3 response: 18 reg(s) [0, 21579, 0, 21583, 0, 21246]",03 24 00 00 54 4B 00 00 54 4F 00 00 52 FE 00 02 E8 13 00 02 EA 98 00 02 E9 D6 00 05 09 DC 00 05 0D 9C 00 05 0A 5B
323,1,3,FC3 request: start=102 qty=16,03 00 66 00 10
325,1,3,"FC3 response: 16 reg(s) [18, 46852, 0, 0, 18, 48040]",03 20 00 12 B7 04 00 00 00 00 00 12 BB A8 00 00 00 00 00 00 00 00 00 00 00 00 00 00 00 00 00 00 D2 FE
325,1,3,FC3 request: start=166 qty=36,03 00 A6 00 24
329,1,3,FC3 request: start=25012 qty=1,03 61 B4 00 01
329,1,3,FC3 response: 1 reg(s) [124],03 02 00 7C
331,1,3,FC3 request: start=16 qty=18,03 00 10 00 12
333,1,3,"FC3 response: 18 reg(s) [0, 21429, 0, 21375, 0, 21116]",03 24 00 00 53 B5 00 00 53 7F 00 00 52 7C 00 02 E4 AB 00 02 E8 7E 00 02 E9 54 00 05 03 BD 00 05 0C 83 00 05 07 27
333,1,3,FC3 request: start=102 qty=16,03 00 66 00 10
335,1,3,"FC3 response: 16 reg(s) [18, 36401, 0, 0, 18, 36739]",03 20 00 12 8E 31 00 00 00 00 00 12 8F 83 00 00 00 00 00 00 00 00 00 00 00 00 00 00 00 00 00 00 70 05
337,1,3,FC3 request: start=166 qty=36,03 00 A6 00 24
343,1,3,FC3 request: start=25012 qty=1,03 61 B4 00 01
343,1,3,FC3 response: 1 reg(s) [124],03 02 00 7C
345,1,3,FC3 request: start=16 qty=18,03 00 10 00 12
347,1,3,"FC3 response: 18 reg(s) [0, 21439, 0, 21481, 0, 21277]",03 24 00 00 53 BF 00 00 53 E9 00 00 53 1D 00 02 E7 BD 00 02 E9 DC 00 02 E9 08 00 05 09 02 00 05 0C 08 00 05 09 89
347,1,3,FC3 request: start=102 qty=16,03 00 66 00 10
349,1,3,"FC3 response: 16 reg(s) [18, 42850, 0, 0, 18, 43160]",03 20 00 12 A7 62 00 00 00 00 00 12 A8 98 00 00 00 00 00 00 00 00 00 00 00 00 00 00 00 00 00 00 6B 95
349,1,3,FC3 request: start=166 qty=36,03 00 A6 00 24
353,1,3,FC3 request: start=25012 qty=1,03 61 B4 00 01
353,1,3,FC3 response: 1 reg(s) [124],03 02 00 7C
355,1,3,FC3 request: start=16 qty=18,03 00 10 00 12
357,1,3,"FC3 response: 18 reg(s) [0, 21547, 0, 21593, 0, 21339]",03 24 00 00 54 2B 00 00 54 59 00 00 53 5B 00 02 E8 6C 00 02 E9 EF 00 02 E8 86 00 05 0A 2F 00 05 0B 29 00 05 09 AC
357,1,3,FC3 request: start=102 qty=16,03 00 66 00 10
359,1,3,"FC3 response: 16 reg(s) [18, 47077, 0, 0, 18, 48072]",03 20 00 12 B7 E5 00 00 00 00 00 12 BB C8 00 00 00 00 00 00 00 00 00 00 00 00 00 00 00 00 00 00 C1 1A
359,1,3,FC3 request: start=166 qty=36,03 00 A6 00 24
363,1,3,FC3 request: start=25012 qty=1,03 61 B4 00 01
363,1,3,FC3 response: 1 reg(s) [124],03 02 00 7C
365,1,3,FC3 request: start=16 qty=18,03 00 10 00 12
367,1,3,"FC3 response: 18 reg(s) [0, 21526, 0, 21532, 0, 21247]",03 24 00 00 54 16 00 00 54 1C 00 00 52 FF 00 02 E6 55 00 02 E9 39 00 02 E9 EA 00 05 06 36 00 05 0D 1F 00 05 09 3D
367,1,3,FC3 request: start=102 qty=16,03 00 66 00 10
369,1,3,"FC3 response: 16 reg(s) [18, 44236, 0, 0, 18, 45202]",03 20 00 12 AC CC 00 00 00 00 00 12 B0 92 00 00 00 00 00 00 00 00 00 00 00 00 00 00 00 00 00 00 BD FC
371,1,3,FC3 request: start=166 qty=36,03 00 A6 00 24
377,1,3,FC3 request: start=25012 qty=1,03 61 B4 00 01
377,1,3,FC3 response: 1 reg(s) [124],03 02 00 7C
379,1,3,FC3 request: start=16 qty=18,03 00 10 00 12
381,1,3,"FC3 response: 18 reg(s) [0, 21375, 0, 21403, 0, 21224]",03 24 00 00 53 7F 00 00 53 9B 00 00 52 E8 00 02 E5 0C 00 02 E9 06 00 02 E8 84 00 05 05 44 00 05 0B F9 00 05 06 56
383,1,3,FC3 request: start=102 qty=16,03 00 66 00 10
385,1,3,"FC3 response: 16 reg(s) [18, 38008, 0, 0, 18, 38189]",03 20 00 12 94 78 00 00 00 00 00 12 95 2D 00 00 00 00 00 00 00 00 00 00 00 00 00 00 00 00 00 00 52 03
385,1,3,FC3 request: start=166 qty=36,03 00 A6 00 24
389,1,3,FC3 request: start=25012 qty=1,03 61 B4 00 01
389,1,3,FC3 response: 1 reg(s) [124],03 02 00 7C
391,1,3,FC3 request: start=16 qty=18,03 00 10 00 12
393,1,3,"FC3 response: 18 reg(s) [0, 21430, 0, 21470, 0, 21304]",03 24 00 00 53 B6 00 00 53 DE 00 00 53 38 00 02 E7 C5 00 02 EA 08 00 02 E9 2D 00 05 09 29 00 05 0C 5E 00 05 09 A6
393,1,3,FC3 request: start=102 qty=16,03 00 66 00 10
395,1,3,"FC3 response: 16 reg(s) [18, 43303, 0, 0, 18, 43587]",03 20 00 12 A9 27 00 00 00 00 00 12 AA 43 00 00 00 00 00 00 00 00 00 00 00 00 00 00 00 00 00 00 66 F4
395,1,3,FC3 request: start=166 qty=36,03 00 A6 00 24
399,1,3,FC3 request: start=25012 qty=1,03 61 B4 00 01
399,1,3,FC3 response: 1 reg(s) [124],03 02 00 7C
401,1,3,FC3 request: start=16 qty=18,03 00 10 00 12
403,1,3,"FC3 response: 18 reg(s) [0, 21611, 0, 21639, 0, 21381]",03 24 00 00 54 6B 00 00 54 87 00 00 53 85 00 02 E8 49 00 02 E9 FC 00 02 E9 64 00 05 09 A7 00 05 0C 4A 00 05 0A 6C
403,1,3,FC3 request: start=102 qty=16,03 00 66 00 10
405,1,3,"FC3 response: 16 reg(s) [18, 49917, 0, 0, 18, 51284]",03 20 00 12 C2 FD 00 00 00 00 00 12 C8 54 00 00 00 00 00 00 00 00 00 00 00 00 00 00 00 00 00 00 E2 99
405,1,3,FC3 request: start=166 qty=36,03 00 A6 00 24
409,1,3,FC3 request: start=25012 qty=1,03 61 B4 00 01
409,1,3,FC3 response: 1 reg(s) [124],03 02 00 7C
411,1,3,FC3 request: start=16 qty=18,03 00 10 00 12
413,1,3,"FC3 response: 18 reg(s) [0, 21492, 0, 21467, 0, 21252]",03 24 00 00 53 F4 00 00 53 DB 00 00 53 04 00 02 E4 B1 00 02 E8 70 00 02 E9 A3 00 05 03 8E 00 05 0C C8 00 05 07 8C
415,1,3,FC3 request: start=102 qty=16,03 00 66 00 10
417,1,3,"FC3 response: 16 reg(s) [18, 41916, 0, 0, 18, 42438]",03 20 00 12 A3 BC 00 00 00 00 00 12 A5 C6 00 00 00 00 00 00 00 00 00 00 00 00 00 00 00 00 00 00 8B 80
417,1,3,FC3 request: start=166 qty=36,03 00 A6 00 24
421,1,3,FC3 request: start=25012 qty=1,03 61 B4 00 01
421,1,3,FC3 response: 1 reg(s) [124],03 02 00 7C
423,1,3,FC3 request: start=16 qty=18,03 00 10 00 12
425,1,3,"FC3 response: 18 reg(s) [0, 21405, 0, 21424, 0, 21268]",03 24 00 00 53 9D 00 00 53 B0 00 00 53 14 00 02 E4 F7 00 02 E8 CD 00 02 E8 FB 00 05 04 A5 00 05 0C 49 00 05 06 EA
425,1,3,FC3 request: start=102 qty=16,03 00 66 00 10
427,1,3,"FC3 response: 16 reg(s) [18, 39989, 0, 0, 18, 40180]",03 20 00 12 9C 35 00 00 00 00 00 12 9C F4 00 00 00 00 00 00 00 00 00 00 00 00 00 00 00 00 00 00 54 59
429,1,3,FC3 request: start=166 qty=36,03 00 A6 00 24
431,155,32,FC32 raw len=14,20 00 12 4A BE 00 0B 3B 78 00 97 81 64 05
435,1,3,FC3 request: start=25012 qty=1,03 61 B4 00 01
435,1,3,FC3 response: 1 reg(s) [124],03 02 00 7C
437,1,3,FC3 request: start=16 qty=18,03 00 10 00 12
439,1,3,"FC3 response: 18 reg(s) [0, 21607, 0, 21608, 0, 21377]",03 24 00 00 54 67 00 00 54 68 00 00 53 81 00 02 E9 21 00 02 EA 16 00 02 E9 2F 00 05 0A CE 00 05 0B AA 00 05 0B 2B
439,1,3,FC3 request: start=102 qty=16,03 00 66 00 10
441,1,3,"FC3 response: 16 reg(s) [18, 50580, 0, 0, 18, 51242]",03 20 00 12 C5 94 00 00 00 00 00 12 C8 2A 00 00 00 00 00 00 00 00 00 00 00 00 00 00 00 00 00 00 9D B5
441,1,3,FC3 request: start=166 qty=36,03 00 A6 00 24
445,1,3,FC3 request: start=25012 qty=1,03 61 B4 00 01
445,1,3,FC3 response: 1 reg(s) [124],03 02 00 7C
447,1,3,FC3 request: start=16 qty=18,03 00 10 00 12
449,1,3,"FC3 response: 18 reg(s) [0, 21684, 0, 21668, 0, 21310]",03 24 00 00 54 B4 00 00 54 A4 00 00 53 3E 00 02 E7 16 00 02 E9 93 00 02 E9 CC 00 05 07 8B 00 05 0C F3 00 05 09 C8
449,1,3,FC3 request: start=102 qty=16,03 00 66 00 10
451,1,3,"FC3 response: 16 reg(s) [18, 51088, 0, 0, 18, 52169]",03 20 00 12 C7 90 00 00 00 00 00 12 CB C9 00 00 00 00 00 00 00 00 00 00 00 00 00 00 00 00 00 00 C9 88
451,1,3,FC3 request: start=166 qty=36,03 00 A6 00 24
457,1,3,FC3 request: start=25012 qty=1,03 61 B4 00 01
457,1,3,FC3 response: 1 reg(s) [124],03 02 00 7C
459,1,3,FC3 request: start=16 qty=18,03 00 10 00 12
461,1,3,"FC3 response: 18 reg(s) [0, 21592, 0, 21569, 0, 21265]",03 24 00 00 54 58 00 00 54 41 00 00 53 11 00 02 E4 91 00 02 E7 FB 00 02 E9 2A 00 05 03 2B 00 05 0B C7 00 05 07 1C
461,1,3,FC3 request: start=102 qty=16,03 00 66 00 10
463,1,3,"FC3 response: 16 reg(s) [18, 45162, 0, 0, 18, 45790]",03 20 00 12 B0 6A 00 00 00 00 00 12 B2 DE 00 00 00 00 00 00 00 00 00 00 00 00 00 00 00 00 00 00 99 40
463,1,3,FC3 request: start=166 qty=36,03 00 A6 00 24
467,1,3,FC3 request: start=25012 qty=1,03 61 B4 00 01
467,1,3,FC3 response: 1 reg(s) [124],03 02 00 7C
469,1,3,FC3 request: start=16 qty=18,03 00 10 00 12
471,1,3,"FC3 response: 18 reg(s) [0, 21501, 0, 21515, 0, 21353]",03 24 00 00 53 FD 00 00 54 0B 00 00 53 69 00 02 E6 F5 00 02 E8 F8 00 02 E9 09 00 05 07 10 00 05 0B 6F 00 05 09 30
471,1,3,FC3 request: start=102 qty=16,03 00 66 00 10
473,1,3,"FC3 response: 16 reg(s) [18, 45728, 0, 0, 18, 45948]",03 20 00 12 B2 A0 00 00 00 00 00 12 B3 7C 00 00 00 00 00 00 00 00 00 00 00 00 00 00 00 00 00 00 5A B0
473,1,3,FC3 request: start=166 qty=36,03 00 A6 00 24
477,1,3,FC3 request: start=25012 qty=1,03 61 B4 00 01
477,1,3,FC3 response: 1 reg(s) [124],03 02 00 7C
479,1,3,FC3 request: start=16 qty=18,03 00 10 00 12
481,1,3,"FC3 response: 18 reg(s) [0, 21743, 0, 21782, 0, 21474]",03 24 00 00 54 EF 00 00 55 16 00 00 53 E2 00 02 E8 64 00 02 EA 14 00 02 E8 E5 00 05 0A 23 00 05 0B C8 00 05 09 F0
481,1,3,FC3 request: start=102 qty=16,03 00 66 00 10
483,1,3,"FC3 response: 16 reg(s) [18, 56731, 0, 0, 18, 58086]",03 20 00 12 DD 9B 00 00 00 00 00 12 E2 E6 00 00 00 00 00 00 00 00 00 00 00 00 00 00 00 00 00 00 E2 26
483,1,3,FC3 request: start=166 qty=36,03 00 A6 00 24
489,1,3,FC3 request: start=25012 qty=1,03 61 B4 00 01
489,1,3,FC3 response: 1 reg(s) [124],03 02 00 7C
491,1,3,FC3 request: start=16 qty=18,03 00 10 00 12
493,1,3,"FC3 response: 18 reg(s) [0, 21718, 0, 21732, 0, 21331]",03 24 00 00 54 D6 00 00 54 E4 00 00 53 53 00 02 E7 43 00 02 E9 E0 00 02 E9 87 00 05 08 45 00 05 0C E1 00 05 09 7D
493,1,3,FC3 request: start=102 qty=16,03 00 66 00 10
495,1,3,"FC3 response: 16 reg(s) [18, 53247, 0, 0, 18, 54414]",03 20 00 12 CF FF 00 00 00 00 00 12 D4 8E 00 00 00 00 00 00 00 00 00 00 00 00 00 00 00 00 00 00 D1 A8
495,1,3,FC3 request: start=166 qty=36,03 00 A6 00 24
499,1,3,FC3 request: start=25012 qty=1,03 61 B4 00 01
499,1,3,FC3 response: 1 reg(s) [124],03 02 00 7C
501,1,3,FC3 request: start=16 qty=18,03 00 10 00 12
503,1,3,"FC3 response: 18 reg(s) [0, 21522, 0, 21534, 0, 21356]",03 24 00 00 54 12 00 00 54 1E 00 00 53 6C 00 02 E4 78 00 02 E7 F1 00 02 E8 DB 00 05 03 21 00 05 0B 73 00 05 06 B6
505,1,3,FC3 request: start=102 qty=16,03 00 66 00 10
507,1,3,"FC3 response: 16 reg(s) [18, 45228, 0, 0, 18, 45494]",03 20 00 12 B0 AC 00 00 00 00 00 12 B1 B6 00 00 00 00 00 00 00 00 00 00 00 00 00 00 00 00 00 00 63 AE
509,1,3,FC3 request: start=166 qty=36,03 00 A6 00 24
515,1,3,FC3 request: start=25012 qty=1,03 61 B4 00 01
515,1,3,FC3 response: 1 reg(s) [124],03 02 00 7C
517,1,3,FC3 request: start=16 qty=18,03 00 10 00 12
519,1,3,"FC3 response: 18 reg(s) [0, 21662, 0, 21691, 0, 21463]",03 24 00 00 54 9E 00 00 54 BB 00 00 53 D7 00 02 E8 99 00 02 E9 AC 00 02 E9 21 00 05 09 BE 00 05 0B 6D 00 05 0A BC
519,1,3,FC3 request: start=102 qty=16,03 00 66 00 10
521,1,3,"FC3 response: 16 reg(s) [18, 54698, 0, 0, 18, 55160]",03 20 00 12 D5 AA 00 00 00 00 00 12 D7 78 00 00 00 00 00 00 00 00 00 00 00 00 00 00 00 00 00 00 83 E8
523,1,3,FC3 request: start=166 qty=36,03 00 A6 00 24
527,1,3,FC3 request: start=25012 qty=1,03 61 B4 00 01
527,1,3,FC3 response: 1 reg(s) [124],03 02 00 7C
529,1,3,FC3 request: start=16 qty=18,03 00 10 00 12
531,1,3,"FC3 response: 18 reg(s) [0, 21767, 0, 21779, 0, 21577]",03 24 00 00 55 07 00 00 55 13 00 00 54 49 00 02 E8 94 00 02 E9 BD 00 02 E8 A5 00 05 0A 14 00 05 0A FB 00 05 0A 16
531,1,3,FC3 request: start=102 qty=16,03 00 66 00 10
533,1,3,"FC3 response: 16 reg(s) [18, 58982, 0, 0, 18, 60225]",03 20 00 12 E6 66 00 00 00 00 00 12 EB 41 00 00 00 00 00 00 00 00 00 00 00 00 00 00 00 00 00 00 D5 77
533,1,3,FC3 request: start=166 qty=36,03 00 A6 00 24
537,1,3,FC3 request: start=25012 qty=1,03 61 B4 00 01
537,1,3,FC3 response: 1 reg(s) [124],03 02 00 7C
539,1,3,FC3 request: start=16 qty=18,03 00 10 00 12
541,1,3,"FC3 response: 18 reg(s) [0, 21742, 0, 21715, 0, 21377]",03 24 00 00 54 EE 00 00 54 D3 00 00 53 81 00 02 E5 4B 00 02 E8 67 00 02 E9 57 00 05 04 66 00 05 0C 13 00 05 07 E1
541,1,3,FC3 request: start=102 qty=16,03 00 66 00 10
543,1,3,"FC3 response: 16 reg(s) [18, 53212, 0, 0, 18, 54069]",03 20 00 12 CF DC 00 00 00 00 00 12 D3 35 00 00 00 00 00 00 00 00 00 00 00 00 00 00 00 00 00 00 B3 92
543,1,3,FC3 request: start=166 qty=36,03 00 A6 00 24
549,1,3,FC3 request: start=25012 qty=1,03 61 B4 00 01
549,1,3,FC3 response: 1 reg(s) [124],03 02 00 7C
551,1,3,FC3 request: start=16 qty=18,03 00 10 00 12
553,1,3,"FC3 response: 18 reg(s) [0, 21557, 0, 21647, 0, 21444]",03 24 00 00 54 35 00 00 54 8F 00 00 53 C4 00 02 E6 02 00 02 E7 FE 00 02 E8 E7 00 05 04 EC 00 05 0A AD 00 05 08 86
553,1,3,FC3 request: start=102 qty=16,03 00 66 00 10
555,1,3,"FC3 response: 16 reg(s) [18, 50133, 0, 0, 18, 50345]",03 20 00 12 C3 D5 00 00 00 00 00 12 C4 A9 00 00 00 00 00 00 00 00 00 00 00 00 00 00 00 00 00 00 59 44
555,1,3,FC3 request: start=166 qty=36,03 00 A6 00 24
559,1,3,FC3 request: start=25012 qty=1,03 61 B4 00 01
561,1,3,FC3 response: 1 reg(s) [124],03 02 00 7C
563,1,3,FC3 request: start=16 qty=18,03 00 10 00 12
565,1,3,"FC3 response: 18 reg(s) [0, 21642, 0, 21682, 0, 21464]",03 24 00 00 54 8A 00 00 54 B2 00 00 53 D8 00 02 E8 C1 00 02 E9 A9 00 02 E9 87 00 05 09 A6 00 05 0B CA 00 05 0B 69
565,1,3,FC3 request: start=102 qty=16,03 00 66 00 10
567,1,3,"FC3 response: 16 reg(s) [18, 54739, 0, 0, 18, 55110]",03 20 00 12 D5 D3 00 00 00 00 00 12 D7 46 00 00 00 00 00 00 00 00 00 00 00 00 00 00 00 00 00 00 C9 5F
567,1,3,FC3 request: start=166 qty=36,03 00 A6 00 24
573,1,3,FC3 request: start=25012 qty=1,03 61 B4 00 01
573,1,3,FC3 response: 1 reg(s) [124],03 02 00 7C
575,1,3,FC3 request: start=16 qty=18,03 00 10 00 12
577,1,3,"FC3 response: 18 reg(s) [0, 21841, 0, 21845, 0, 21498]",03 24 00 00 55 51 00 00 55 55 00 00 53 FA 00 02 E8 7E 00 02 EA 94 00 02 E9 84 00 05 0A 80 00 05 0D 00 00 05 0A 76
577,1,3,FC3 request: start=102 qty=16,03 00 66 00 10
579,1,3,"FC3 response: 16 reg(s) [18, 61343, 0, 0, 18, 62649]",03 20 00 12 EF 9F 00 00 00 00 00 12 F4 B9 00 00 00 00 00 00 00 00 00 00 00 00 00 00 00 00 00 00 DE 6D
579,1,3,FC3 request: start=166 qty=36,03 00 A6 00 24
583,1,3,FC3 request: start=25012 qty=1,03 61 B4 00 01
583,1,3,FC3 response: 1 reg(s) [124],03 02 00 7C
585,1,3,FC3 request: start=16 qty=18,03 00 10 00 12
587,1,3,"FC3 response: 18 reg(s) [0, 21633, 0, 21623, 0, 21418]",03 24 00 00 54 81 00 00 54 77 00 00 53 AA 00 02 E5 00 00 02 E8 73 00 02 E9 BD 00 05 03 D5 00 05 0C BE 00 05 08 0B
589,1,3,FC3 request: start=102 qty=16,03 00 66 00 10
591,1,3,"FC3 response: 16 reg(s) [18, 51092, 0, 0, 18, 51524]",03 20 00 12 C7 94 00 00 00 00 00 12 C9 44 00 00 00 00 00 00 00 00 00 00 00 00 00 00 00 00 00 00 7F 77
591,1,3,FC3 request: start=166 qty=36,03 00 A6 00 24
595,1,3,FC3 request: start=25012 qty=1,03 61 B4 00 01
597,1,3,FC3 response: 1 reg(s) [124],03 02 00 7C
599,1,3,FC3 request: start=16 qty=18,03 00 10 00 12
601,1,3,"FC3 response: 18 reg(s) [0, 21559, 0, 21582, 0, 21453]",03 24 00 00 54 37 00 00 54 4E 00 00 53 CD 00 02 E5 EF 00 02 E9 02 00 02 E9 7D 00 05 09 DB 00 05 0C 26 00 05 0B 0F
601,1,3,FC3 request: start=102 qty=16,03 00 66 00 10
603,1,3,"FC3 response: 16 reg(s) [18, 55389, 0, 0, 18, 55705]",03 20 00 12 D8 5D 00 00 00 00 00 12 D9 99 00 00 00 00 00 00 00 00 00 00 00 00 00 00 00 00 00 00 6D 15
603,1,3,FC3 request: start=166 qty=36,03 00 A6 00 24
607,1,3,FC3 request: start=25012 qty=1,03 61 B4 00 01
607,1,3,FC3 response: 1 reg(s) [124],03 02 00 7C
609,1,3,FC3 request: start=16 qty=18,03 00 10 00 12
611,1,3,"FC3 response: 18 reg(s) [0, 21759, 0, 21771, 0, 21596]",03 24 00 00 54 FF 00 00 55 0B 00 00 54 5C 00 02 E9 95 00 02 EA 4B 00 02 E9 2B 00 05 0B 8E 00 05 0B A4 00 05 0B 8F
613,1,3,FC3 request: start=102 qty=16,03 00 66 00 10
615,1,3,"FC3 response: 16 reg(s) [18, 60745, 0, 0, 18, 61668]",03 20 00 12 ED 49 00 00 00 00 00 12 F0 E4 00 00 00 00 00 00 00 00 00 00 00 00 00 00 00 00 00 00 BA F1
615,1,3,FC3 request: start=166 qty=36,03 00 A6 00 24
621,1,3,FC3 request: start=25012 qty=1,03 61 B4 00 01
621,1,3,FC3 response: 1 reg(s) [124],03 02 00 7C
623,1,3,FC3 request: start=16 qty=18,03 00 10 00 12
625,1,3,"FC3 response: 18 reg(s) [0, 21813, 0, 21759, 0, 21503]",03 24 00 00 55 35 00 00 54 FF 00 00 53 FF 00 02 E7 68 00 02 E9 D2 00 02 EA AC 00 05 07 B0 00 05 0E 0C 00 05 0B 09
625,1,3,FC3 request: start=102 qty=16,03 00 66 00 10
627,1,3,"FC3 response: 16 reg(s) [18, 60048, 0, 0, 18, 61112]",03 20 00 12 EA 90 00 00 00 00 00 12 EE B8 00 00 00 00 00 00 00 00 00 00 00 00 00 00 00 00 00 00 C8 B0
629,1,3,FC3 request: start=166 qty=36,03 00 A6 00 24
635,1,3,FC3 request: start=25012 qty=1,03 61 B4 00 01
635,1,3,FC3 response: 1 reg(s) [124],03 02 00 7C
637,1,3,FC3 request: start=16 qty=18,03 00 10 00 12
639,1,3,"FC3 response: 18 reg(s) [0, 21614, 0, 21598, 0, 21470]",03 24 00 00 54 6E 00 00 54 5E 00 00 53 DE 00 02 E5 37 00 02 E8 A0 00 02 E8 FD 00 05 04 B3 00 05 0B F3 00 05 07 58
639,1,3,FC3 request: start=102 qty=16,03 00 66 00 10
641,1,3,"FC3 response: 16 reg(s) [18, 51057, 0, 0, 18, 51281]",03 20 00 12 C7 71 00 00 00 00 00 12 C8 51 00 00 00 00 00 00 00 00 00 00 00 00 00 00 00 00 00 00 5B D1
641,1,3,FC3 request: start=166 qty=36,03 00 A6 00 24
645,1,3,FC3 request: start=25012 qty=1,03 61 B4 00 01
647,1,3,FC3 response: 1 reg(s) [124],03 02 00 7C
649,1,3,FC3 request: start=16 qty=18,03 00 10 00 12
651,1,3,"FC3 response: 18 reg(s) [0, 21667, 0, 21680, 0, 21496]",03 24 00 00 54 A3 00 00 54 B0 00 00 53 F8 00 02 E7 CE 00 02 E9 C2 00 02 E9 2A 00 05 08 E1 00 05 0C 01 00 05 09 DD
651,1,3,FC3 request: start=102 qty=16,03 00 66 00 10
653,1,3,"FC3 response: 16 reg(s) [18, 55494, 0, 0, 18, 55770]",03 20 00 12 D8 C6 00 00 00 00 00 12 D9 DA 00 00 00 00 00 00 00 00 00 00 00 00 00 00 00 00 00 00 66 0D
653,1,3,FC3 request: start=166 qty=36,03 00 A6 00 24
657,0,3,FC3 request: start=59392 qty=7973,03 E8 00 1F 25 81 00 00 59 0C 00 1F 15 36 00 00 2E 21 00 00 00 03 00 11 72 2A 00 00 00 02 00 08 CF 46 00 00 13 8A D9 75 01 03 61 B4 00 01 DB D0 01 03 02 00 7C
659,1,3,FC3 request: start=16 qty=18,03 00 10 00 12
661,1,3,"FC3 response: 18 reg(s) [0, 21842, 0, 21884, 0, 21619]",03 24 00 00 55 52 00 00 55 7C 00 00 54 73 00 02 E9 01 00 02 E9 B4 00 02 E9 61 00 05 0A 21 00 05 0B 8C 00 05 0B 6C
661,1,3,FC3 request: start=102 qty=16,03 00 66 00 10
663,1,3,"FC3 response: 16 reg(s) [18, 63686, 0, 0, 18, 65086]",03 20 00 12 F8 C6 00 00 00 00 00 12 FE 3E 00 00 00 00 00 00 00 00 00 00 00 00 00 00 00 00 00 00 E6 88
663,1,3,FC3 request: start=166 qty=36,03 00 A6 00 24
667,0,17,FC17 raw len=30,11 72 2A 00 00 00 02 00 08 CF 46 00 00 13 8A 99 E2 01 03 61 B4 00 01 DB D0 01 03 02 00 7C
669,1,3,FC3 request: start=16 qty=18,03 00 10 00 12
671,1,3,"FC3 response: 18 reg(s) [0, 21761, 0, 21698, 0, 21478]",03 24 00 00 55 01 00 00 54 C2 00 00 53 E6 00 02 E4 EE 00 02 E8 CB 00 02 E9 C0 00 05 04 2A 00 05 0D 34 00 05 07 BE
671,1,3,FC3 request: start=102 qty=16,03 00 66 00 10
673,1,3,"FC3 response: 16 reg(s) [18, 55860, 0, 0, 18, 56552]",03 20 00 12 DA 34 00 00 00 00 00 12 DC E8 00 00 00 00 00 00 00 00 00 00 00 00 00 00 00 00 00 00 A1 9A
675,1,3,FC3 request: start=166 qty=36,03 00 A6 00 24
679,1,3,FC3 request: start=25012 qty=1,03 61 B4 00 01
679,1,3,FC3 response: 1 reg(s) [124],03 02 00 7C
681,1,3,FC3 request: start=16 qty=18,03 00 10 00 12
683,1,3,"FC3 response: 18 reg(s) [0, 21637, 0, 21622, 0, 21479]",03 24 00 00 54 85 00 00 54 76 00 00 53 E7 00 02 E4 F4 00 02 E8 8E 00 02 E9 19 00 05 04 41 00 05 0C 28 00 05 07 33
685,1,3,FC3 request: start=102 qty=16,03 00 66 00 10
687,1,3,"FC3 response: 16 reg(s) [18, 52098, 0, 0, 18, 52357]",03 20 00 12 CB 82 00 00 00 00 00 12 CC 85 00 00 00 00 00 00 00 00 00 00 00 00 00 00 00 00 00 00 62 A2
687,1,3,FC3 request: start=166 qty=36,03 00 A6 00 24
691,1,3,FC3 request: start=25012 qty=1,03 61 B4 00 01
693,1,3,FC3 response: 1 reg(s) [124],03 02 00 7C
695,1,3,FC3 request: start=16 qty=18,03 00 10 00 12
697,1,3,"FC3 response: 18 reg(s) [0, 21772, 0, 21738, 0, 21565]",03 24 00 00 55 0C 00 00 54 EA 00 00 54 3D 00 02 E8 D8 00 02 EA 31 00 02 E9 1D 00 05 0A A0 00 05 0B E2 00 05 0A B2
697,1,3,FC3 request: start=102 qty=16,03 00 66 00 10
699,1,3,"FC3 response: 16 reg(s) [18, 59939, 0, 0, 18, 60492]",03 20 00 12 EA 23 00 00 00 00 00 12 EC 4C 00 00 00 00 00 00 00 00 00 00 00 00 00 00 00 00 00 00 90 A6
699,1,3,FC3 request: start=166 qty=36,03 00 A6 00 24
703,1,3,FC3 request: start=25012 qty=1,03 61 B4 00 01
703,1,3,FC3 response: 1 reg(s) [124],03 02 00 7C
705,1,3,FC3 request: start=16 qty=18,03 00 10 00 12
707,1,3,"FC3 response: 18 reg(s) [0, 21907, 0, 21858, 0, 21591]",03 24 00 00 55 93 00 00 55 62 00 00 54 57 00 02 E7 E3 00 02 EA 41 00 02 EA 00 00 05 09 1F 00 05 0D 84 00 05 0A 8B
709,1,3,FC3 request: start=102 qty=16,03 00 66 00 10
711,1,3,"FC3 response: 16 reg(s) [18, 64936, 0, 0, 19, 619]",03 20 00 12 FD A8 00 00 00 00 00 13 02 6B 00 00 00 00 00 00 00 00 00 00 00 00 00 00 00 00 00 00 D7 43
711,1,3,FC3 request: start=166 qty=36,03 00 A6 00 24
715,1,3,FC3 request: start=25012 qty=1,03 61 B4 00 01
717,1,3,FC3 response: 1 reg(s) [124],03 02 00 7C
719,1,3,FC3 request: start=16 qty=18,03 00 10 00 12
721,1,3,"FC3 response: 18 reg(s) [0, 21783, 0, 21750, 0, 21521]",03 24 00 00 55 17 00 00 54 F6 00 00 54 11 00 02 E5 46 00 02 E9 17 00 02 E9 D8 00 05 04 DB 00 05 0D 77 00 05 08 0C
721,1,3,FC3 request: start=102 qty=16,03 00 66 00 10
723,1,3,FC3 request: start=8192 qty=4835,03 20 00 12 E3 9F 00 00 00 00 00 12 E6 E7 00 00 00 00 00 00 00 00 00 00 00 00 00 00 00 00 00 00 B2
723,1,3,FC3 request: start=166 qty=36,03 00 A6 00 24
727,1,3,FC3 request: start=25012 qty=1,03 61 B4 00 01
727,1,3,FC3 response: 1 reg(s) [124],03 02 00 7C
729,1,3,FC3 request: start=16 qty=18,03 00 10 00 12
731,1,3,"FC3 response: 18 reg(s) [0, 21680, 0, 21655, 0, 21524]",03 24 00 00 54 B0 00 00 54 97 00 00 54 14 00 02 E6 C9 00 02 E9 7D 00 02 E9 4F 00 05 07 4F 00 05 0C 6E 00 05 09 05
733,1,3,FC3 request: start=102 qty=16,03 00 66 00 10
735,1,3,"FC3 response: 16 reg(s) [18, 55517, 0, 0, 18, 55752]",03 20 00 12 D8 DD 00 00 00 00 00 12 D9 C8 00 00 00 00 00 00 00 00 00 00 00 00 00 00 00 00 00 00 5E 38
735,1,3,FC3 request: start=166 qty=36,03 00 A6 00 24
739,1,3,FC3 request: start=25012 qty=1,03 61 B4 00 01
739,1,3,FC3 response: 1 reg(s) [124],03 02 00 7C
741,1,3,FC3 request: start=16 qty=18,03 00 10 00 12
743,1,3,"FC3 response: 18 reg(s) [0, 21889, 0, 21911, 0, 21614]",03 24 00 00 55 81 00 00 55 97 00 00 54 6E 00 02 E9 59 00 02 EA B9 00 02 E9 24 00 05 0B D3 00 05 0C 3C 00 05 0A FC
743,1,3,FC3 request: start=102 qty=16,03 00 66 00 10
745,1,3,"FC3 response: 16 reg(s) [19, 245, 0, 0, 19, 1496]",03 20 00 13 00 F5 00 00 00 00 00 13 05 D8 00 00 00 00 00 00 00 00 00 00 00 00 00 00 00 00 00 00 DA 16
747,1,3,FC3 request: start=166 qty=36,03 00 A6 00 24
753,1,3,FC3 request: start=25012 qty=1,03 61 B4 00 01
753,1,3,FC3 response: 1 reg(s) [124],03 02 00 7C
755,1,3,FC3 request: start=16 qty=18,03 00 10 00 12
757,1,3,"FC3 response: 18 reg(s) [0, 21922, 0, 21877, 0, 21518]",03 24 00 00 55 A2 00 00 55 75 00 00 54 0E 00 02 E8 03 00 02 EA 64 00 02 E9 A0 00 05 09 AB 00 05 0D 29 00 05 0A 29
757,1,3,FC3 request: start=102 qty=16,03 00 66 00 10
759,1,3,"FC3 response: 16 reg(s) [18, 63958, 0, 0, 18, 65186]",03 20 00 12 F9 D6 00 00 00 00 00 12 FE A2 00 00 00 00 00 00 00 00 00 00 00 00 00 00 00 00 00 00 D7 F8
759,1,3,FC3 request: start=166 qty=36,03 00 A6 00 24
763,1,3,FC3 request: start=25012 qty=1,03 61 B4 00 01
763,1,3,FC3 response: 1 reg(s) [124],03 02 00 7C
765,1,3,FC3 request: start=16 qty=18,03 00 10 00 12
767,1,3,"FC3 response: 18 reg(s) [0, 21784, 0, 21680, 0, 21486]",03 24 00 00 55 18 00 00 54 B0 00 00 53 EE 00 02 E4 12 00 02 E7 EB 00 02 E8 AA 00 05 02 BF 00 05 0B 68 00 05 06 0F
767,1,3,FC3 request: start=102 qty=16,03 00 66 00 10
769,1,3,"FC3 response: 16 reg(s) [18, 54846, 0, 0, 18, 55191]",03 20 00 12 D6 3E 00 00 00 00 00 12 D7 97 00 00 00 00 00 00 00 00 00 00 00 00 00 00 00 00 00 00 71 FC
769,1,3,FC3 request: start=166 qty=36,03 00 A6 00 24
773,1,3,FC3 request: start=25012 qty=1,03 61 B4 00 01
773,1,3,FC3 response: 1 reg(s) [124],03 02 00 7C
775,1,3,FC3 request: start=16 qty=18,03 00 10 00 12
777,1,3,"FC3 response: 18 reg(s) [0, 21735, 0, 21771, 0, 21565]",03 24 00 00 54 E7 00 00 55 0B 00 00 54 3D 00 02 E7 AA 00 02 E9 F0 00 02 E8 C0 00 05 09 28 00 05 0B D8 00 05 09 16
779,1,3,FC3 request: start=102 qty=16,03 00 66 00 10
781,1,3,"FC3 response: 16 reg(s) [18, 59167, 0, 0, 18, 59567]",03 20 00 12 E7 1F 00 00 00 00 00 12 E8 AF 00 00 00 00 00 00 00 00 00 00 00 00 00 00 00 00 00 00 7B 0B
781,1,3,FC3 request: start=166 qty=36,03 00 A6 00 24
785,1,3,FC3 request: start=25012 qty=1,03 61 B4 00 01
785,1,3,FC3 response: 1 reg(s) [124],03 02 00 7C
787,1,3,FC3 request: start=16 qty=18,03 00 10 00 12
789,1,3,"FC3 response: 18 reg(s) [0, 21871, 0, 21927, 0, 21667]",03 24 00 00 55 6F 00 00 55 A7 00 00 54 A3 00 02 E8 BA 00 02 EA 3F 00 02 E8 A4 00 05 0A D1 00 05 0B 78 00 05 09 FB
789,1,3,FC3 request: start=102 qty=16,03 00 66 00 10
791,1,3,"FC3 response: 16 reg(s) [19, 652, 0, 0, 19, 1717]",03 20 00 13 02 8C 00 00 00 00 00 13 06 B5 00 00 00 00 00 00 00 00 00 00 00 00 00 00 00 00 00 00 C9 44
791,1,3,FC3 request: start=166 qty=36,03 00 A6 00 24
795,1,3,FC3 request: start=25012 qty=1,03 61 B4 00 01
795,1,3,FC3 response: 1 reg(s) [124],03 02 00 7C
797,1,3,FC3 request: start=16 qty=18,03 00 10 00 12
799,1,3,"FC3 response: 18 reg(s) [0, 21883, 0, 21857, 0, 21506]",03 24 00 00 55 7B 00 00 55 61 00 00 54 02 00 02 E5 38 00 02 E8 9D 00 02 E8 FA 00 05 04 BE 00 05 0B F4 00 05 07 41
799,1,3,FC3 request: start=102 qty=16,03 00 66 00 10
801,1,3,"FC3 response: 16 reg(s) [18, 60764, 0, 0, 18, 61715]",03 20 00 12 ED 5C 00 00 00 00 00 12 F1 13 00 00 00 00 00 00 00 00 00 00 00 00 00 00 00 00 00 00 BD C5
803,1,3,FC3 request: start=166 qty=36,03 00 A6 00 24
807,1,3,FC3 request: start=25012 qty=1,03 61 B4 00 01
809,1,3,FC3 response: 1 reg(s) [124],03 02 00 7C
811,1,3,FC3 request: start=16 qty=18,03 00 10 00 12
813,1,3,"FC3 response: 18 reg(s) [0, 21716, 0, 21736, 0, 21532]",03 24 00 00 54 D4 00 00 54 E8 00 00 54 1C 00 02 E5 2C 00 02 E8 6E 00 02 E8 2B 00 05 04 E8 00 05 0A CE 00 05 06 71
813,1,3,FC3 request: start=102 qty=16,03 00 66 00 10
815,1,3,"FC3 response: 16 reg(s) [18, 56081, 0, 0, 18, 56305]",03 20 00 12 DB 11 00 00 00 00 00 12 DB F1 00 00 00 00 00 00 00 00 00 00 00 00 00 00 00 00 00 00 5B D6
815,1,3,FC3 request: start=166 qty=36,03 00 A6 00 24
819,1,3,FC3 request: start=25012 qty=1,03 61 B4 00 01
819,1,3,FC3 response: 1 reg(s) [124],03 02 00 7C
821,1,3,FC3 request: start=16 qty=18,03 00 10 00 12
823,1,3,"FC3 response: 18 reg(s) [0, 21789, 0, 21809, 0, 21598]",03 24 00 00 55 1D 00 00 55 31 00 00 54 5E 00 02 E7 42 00 02 E9 40 00 02 E8 85 00 05 08 04 00 05 0B 05 00 05 08 C2
825,1,3,FC3 request: start=102 qty=16,03 00 66 00 10
827,1,3,"FC3 response: 16 reg(s) [18, 61006, 0, 0, 18, 61343]",03 20 00 12 EE 4E 00 00 00 00 00 12 EF 9F 00 00 00 00 00 00 00 00 00 00 00 00 00 00 00 00 00 00 70 F2
827,1,3,FC3 request: start=166 qty=36,03 00 A6 00 24
833,1,3,FC3 request: start=25012 qty=1,03 61 B4 00 01
833,1,3,FC3 response: 1 reg(s) [124],03 02 00 7C
835,1,3,FC3 request: start=16 qty=18,03 00 10 00 12
837,1,3,"FC3 response: 18 reg(s) [0, 22007, 0, 21977, 0, 21689]",03 24 00 00 55 F7 00 00 55 D9 00 00 54 B9 00 02 E7 D2 00 02 E9 4A 00 02 E8 FE 00 05 08 88 00 05 0B 46 00 05 09 D9
837,1,3,FC3 request: start=102 qty=16,03 00 66 00 10
839,1,3,"FC3 response: 16 reg(s) [19, 3609, 0, 0, 19, 4966]",03 20 00 13 0E 19 00 00 00 00 00 13 13 66 00 00 00 00 00 00 00 00 00 00 00 00 00 00 00 00 00 00 E3 81
841,1,3,FC3 request: start=166 qty=36,03 00 A6 00 24
845,1,3,FC3 request: start=25012 qty=1,03 61 B4 00 01
845,1,3,FC3 response: 1 reg(s) [124],03 02 00 7C
847,1,3,FC3 request: start=16 qty=18,03 00 10 00 12
849,1,3,"FC3 response: 18 reg(s) [0, 21844, 0, 21797, 0, 21524]",03 24 00 00 55 54 00 00 55 25 00 00 54 14 00 02 E3 C5 00 02 E7 F7 00 02 E8 DD 00 05 02 5C 00 05 0B DE 00 05 05 E4
851,1,3,FC3 request: start=102 qty=16,03 00 66 00 10
853,1,3,"FC3 response: 16 reg(s) [18, 58816, 0, 0, 18, 59348]",03 20 00 12 E5 C0 00 00 00 00 00 12 E7 D4 00 00 00 00 00 00 00 00 00 00 00 00 00 00 00 00 00 00 8D C7
853,1,3,FC3 request: start=166 qty=36,03 00 A6 00 24
859,1,3,FC3 request: start=25012 qty=1,03 61 B4 00 01
859,1,3,FC3 response: 1 reg(s) [124],03 02 00 7C
861,1,3,FC3 request: start=16 qty=18,03 00 10 00 12
863,1,3,"FC3 response: 18 reg(s) [0, 21732, 0, 21791, 0, 21585]",03 24 00 00 54 E4 00 00 55 1F 00 00 54 51 00 02 E4 B3 00 02 E7 FA 00 02 E8 52 00 05 03 BF 00 05 0A BA 00 05 06 57
863,1,3,FC3 request: start=102 qty=16,03 00 66 00 10
865,1,3,"FC3 response: 16 reg(s) [18, 58027, 0, 0, 18, 58276]",03 20 00 12 E2 AB 00 00 00 00 00 12 E3 A4 00 00 00 00 00 00 00 00 00 00 00 00 00 00 00 00 00 00 60 F2
867,1,3,FC3 request: start=166 qty=36,03 00 A6 00 24
873,1,3,FC3 request: start=25012 qty=1,03 61 B4 00 01
873,1,3,FC3 response: 1 reg(s) [124],03 02 00 7C
875,1,3,FC3 request: start=16 qty=18,03 00 10 00 12
877,1,3,"FC3 response: 18 reg(s) [0, 21928, 0, 21975, 0, 21625]",03 24 00 00 55 A8 00 00 55 D7 00 00 54 79 00 02 E8 4D 00 02 E9 9C 00 02 E8 02 00 05 09 F6 00 05 0A 3E 00 05 09 21
879,1,3,FC3 request: start=102 qty=16,03 00 66 00 10
881,1,3,"FC3 response: 16 reg(s) [19, 1365, 0, 0, 19, 2094]",03 20 00 13 05 55 00 00 00 00 00 13 08 2E 00 00 00 00 00 00 00 00 00 00 00 00 00 00 00 00 00 00 A6 9A
881,1,3,FC3 request: start=166 qty=36,03 00 A6 00 24
887,1,3,FC3 request: start=25012 qty=1,03 61 B4 00 01
887,1,3,FC3 response: 1 reg(s) [124],03 02 00 7C
889,1,3,FC3 request: start=16 qty=18,03 00 10 00 12
891,1,3,"FC3 response: 18 reg(s) [0, 21982, 0, 21929, 0, 21625]",03 24 00 00 55 DE 00 00 55 A9 00 00 54 79 00 02 E5 DB 00 02 E8 B9 00 02 E9 1F 00 05 05 81 00 05 0B E4 00 05 08 19
891,1,3,FC3 request: start=102 qty=16,03 00 66 00 10
893,1,3,"FC3 response: 16 reg(s) [19, 921, 0, 0, 19, 1972]",03 20 00 13 03 99 00 00 00 00 00 13 07 B4 00 00 00 00 00 00 00 00 00 00 00 00 00 00 00 00 00 00 C7 E0
893,1,3,FC3 request: start=166 qty=36,03 00 A6 00 24
897,1,3,FC3 request: start=25012 qty=1,03 61 B4 00 01
897,1,3,FC3 response: 1 reg(s) [124],03 02 00 7C
899,1,3,FC3 request: start=16 qty=18,03 00 10 00 12
901,1,3,"FC3 response: 18 reg(s) [0, 21837, 0, 21830, 0, 21612]",03 24 00 00 55 4D 00 00 55 46 00 00 54 6C 00 02 E3 B7 00 02 E8 19 00 02 E8 77 00 05 02 B5 00 05 0B 98 00 05 05 45
901,1,3,FC3 request: start=102 qty=16,03 00 66 00 10
903,1,3,"FC3 response: 16 reg(s) [18, 60766, 0, 0, 18, 61382]",03 20 00 12 ED 5E 00 00 00 00 00 12 EF C6 00 00 00 00 00 00 00 00 00 00 00 00 00 00 00 00 00 00 65 4A
903,1,3,FC3 request: start=166 qty=36,03 00 A6 00 24
907,1,3,FC3 request: start=25012 qty=1,03 61 B4 00 01
907,1,3,FC3 response: 1 reg(s) [124],03 02 00 7C
909,1,3,FC3 request: start=16 qty=18,03 00 10 00 12
911,1,3,"FC3 response: 18 reg(s) [0, 21801, 0, 21857, 0, 21659]",03 24 00 00 55 29 00 00 55 61 00 00 54 9B 00 02 E6 A2 00 02 E9 18 00 02 E7 F8 00 05 07 6F 00 05 0A 8B 00 05 07 80
911,1,3,FC3 request: start=102 qty=16,03 00 66 00 10
913,1,3,"FC3 response: 16 reg(s) [18, 62913, 0, 0, 18, 63192]",03 20 00 12 F5 C1 00 00 00 00 00 12 F6 D8 00 00 00 00 00 00 00 00 00 00 00 00 00 00 00 00 00 00 66 DF
913,1,3,FC3 request: start=166 qty=36,03 00 A6 00 24
917,1,3,FC3 request: start=25012 qty=1,03 61 B4 00 01
917,1,3,FC3 response: 1 reg(s) [124],03 02 00 7C
919,1,3,FC3 request: start=16 qty=18,03 00 10 00 12
921,1,3,"FC3 response: 18 reg(s) [0, 22035, 0, 22059, 0, 21749]",03 24 00 00 56 13 00 00 56 2B 00 00 54 F5 00 02 E7 D6 00 02 E8 D6 00 02 E8 67 00 05 08 55 00 05 0A 15 00 05 09 76
921,1,3,FC3 request: start=102 qty=16,03 00 66 00 10
923,1,3,"FC3 response: 16 reg(s) [19, 6053, 0, 0, 19, 7416]",03 20 00 13 17 A5 00 00 00 00 00 13 1C F8 00 00 00 00 00 00 00 00 00 00 00 00 00 00 00 00 00 00 E4 2E
923,1,3,FC3 request: start=166 qty=36,03 00 A6 00 24
927,1,3,FC3 request: start=25012 qty=1,03 61 B4 00 01
927,1,3,FC3 response: 1 reg(s) [124],03 02 00 7C
929,1,3,FC3 request: start=16 qty=18,03 00 10 00 12
931,1,3,"FC3 response: 18 reg(s) [0, 21997, 0, 22022, 0, 21673]",03 24 00 00 55 ED 00 00 56 06 00 00 54 A9 00 02 E6 85 00 02 E8 E9 00 02 E9 2A 00 05 06 76 00 05 0B C6 00 05 08 CD
931,1,3,FC3 request: start=102 qty=16,03 00 66 00 10
933,1,3,"FC3 response: 16 reg(s) [19, 4059, 0, 0, 19, 5239]",03 20 00 13 0F DB 00 00 00 00 00 13 14 77 00 00 00 00 00 00 00 00 00 00 00 00 00 00 00 00 00 00 A8 8C
933,1,3,FC3 request: start=166 qty=36,03 00 A6 00 24
939,1,3,FC3 request: start=25012 qty=1,03 61 B4 00 01
939,1,3,FC3 response: 1 reg(s) [124],03 02 00 7C
941,1,3,FC3 request: start=16 qty=18,03 00 10 00 12
943,1,3,"FC3 response: 18 reg(s) [0, 21747, 0, 21825, 0, 21631]",03 24 00 00 54 F3 00 00 55 41 00 00 54 7F 00 02 E4 5A 00 02 E8 38 00 02 E8 25 00 05 03 B9 00 05 0B 01 00 05 05 99
943,1,3,FC3 request: start=102 qty=16,03 00 66 00 10
945,1,3,"FC3 response: 16 reg(s) [18, 59930, 0, 0, 18, 60223]",03 20 00 12 EA 1A 00 00 00 00 00 12 EB 3F 00 00 00 00 00 00 00 00 00 00 00 00 00 00 00 00 00 00 69 61
945,1,3,FC3 request: start=166 qty=36,03 00 A6 00 24
949,1,3,FC3 request: start=25012 qty=1,03 61 B4 00 01
949,1,3,FC3 response: 1 reg(s) [124],03 02 00 7C
951,1,3,FC3 request: start=16 qty=18,03 00 10 00 12
953,1,3,"FC3 response: 18 reg(s) [0, 21920, 0, 21963, 0, 21712]",03 24 00 00 55 A0 00 00 55 CB 00 00 54 D0 00 02 E8 5D 00 02 E9 D9 00 02 E8 8E 00 05 09 FE 00 05 0B 1B 00 05 09 B2
953,1,3,FC3 request: start=102 qty=16,03 00 66 00 10
955,1,3,"FC3 response: 16 reg(s) [19, 3480, 0, 0, 19, 4045]",03 20 00 13 0D 98 00 00 00 00 00 13 0F CD 00 00 00 00 00 00 00 00 00 00 00 00 00 00 00 00 00 00 92 B6
955,1,3,FC3 request: start=166 qty=36,03 00 A6 00 24
959,1,3,FC3 request: start=25012 qty=1,03 61 B4 00 01
959,1,3,FC3 response: 1 reg(s) [124],03 02 00 7C
961,1,3,FC3 request: start=16 qty=18,03 00 10 00 12
963,1,3,"FC3 response: 18 reg(s) [0, 21993, 0, 22053, 0, 21801]",03 24 00 00 55 E9 00 00 56 25 00 00 55 29 00 02 E8 73 00 02 E9 3C 00 02 E8 6D 00 05 09 77 00 05 0A 38 00 05 09 FC
963,1,3,FC3 request: start=102 qty=16,03 00 66 00 10
965,1,3,"FC3 response: 16 reg(s) [19, 6627, 0, 0, 19, 8016]",03 20 00 13 19 E3 00 00 00 00 00 13 1F 50 00 00 00 00 00 00 00 00 00 00 00 00 00 00 00 00 00 00 D8 2C
965,1,3,FC3 request: start=166 qty=36,03 00 A6 00 24
969,1,3,FC3 request: start=25012 qty=1,03 61 B4 00 01
969,1,3,FC3 response: 1 reg(s) [124],03 02 00 7C
971,1,3,FC3 request: start=16 qty=18,03 00 10 00 12
973,1,3,"FC3 response: 18 reg(s) [0, 21939, 0, 21929, 0, 21690]",03 24 00 00 55 B3 00 00 55 A9 00 00 54 BA 00 02 E4 87 00 02 E8 46 00 02 E8 DF 00 05 03 98 00 05 0B D2 00 05 06 90
973,1,3,FC3 request: start=102 qty=16,03 00 66 00 10
975,1,3,"FC3 response: 16 reg(s) [19, 981, 0, 0, 19, 1801]",03 20 00 13 03 D5 00 00 00 00 00 13 07 09 00 00 00 00 00 00 00 00 00 00 00 00 00 00 00 00 00 00 B0 A7
975,1,3,FC3 request: start=166 qty=36,03 00 A6 00 24
979,1,3,FC3 request: start=25012 qty=1,03 61 B4 00 01
979,1,3,FC3 response: 1 reg(s) [124],03 02 00 7C
981,1,3,FC3 request: start=16 qty=18,03 00 10 00 12
983,1,3,"FC3 response: 18 reg(s) [0, 21791, 0, 21900, 0, 21701]",03 24 00 00 55 1F 00 00 55 8C 00 00 54 C5 00 02 E5 C6 00 02 E8 D2 00 02 E7 A3 00 05 06 56 00 05 0A 4B 00 05 06 4F
983,1,3,FC3 request: start=102 qty=16,03 00 66 00 10
985,1,3,"FC3 response: 16 reg(s) [18, 63898, 0, 0, 18, 64152]",03 20 00 12 F9 9A 00 00 00 00 00 12 FA 98 00 00 00 00 00 00 00 00 00 00 00 00 00 00 00 00 00 00 62 34
985,1,3,FC3 request: start=166 qty=36,03 00 A6 00 24
989,1,3,FC3 request: start=25012 qty=1,03 61 B4 00 01
989,1,3,FC3 response: 1 reg(s) [124],03 02 00 7C
991,1,3,FC3 request: start=16 qty=18,03 00 10 00 12
993,1,3,"FC3 response: 18 reg(s) [0, 21905, 0, 22011, 0, 21751]",03 24 00 00 55 91 00 00 55 FB 00 00 54 F7 00 02 E7 87 00 02 E9 1F 00 02 E7 EF 00 05 08 88 00 05 0A 0B 00 05 09 4A
993,1,3,FC3 request: start=102 qty=16,03 00 66 00 10
995,1,3,"FC3 response: 16 reg(s) [19, 3920, 0, 0, 19, 8827]",03 20 00 13 0F 50 00 00 00 00 00 13 22 7B 00 00 00 00 00 00 00 00 00 00 00 00 00 00 00 00 00 00 DB 38
995,1,3,FC3 request: start=166 qty=36,03 00 A6 00 24
999,1,3,FC3 request: start=25012 qty=1,03 61 B4 00 01
999,1,3,FC3 response: 1 reg(s) [124],03 02 00 7C
1001,1,3,FC3 request: start=16 qty=18,03 00 10 00 12
1003,1,3,"FC3 response: 18 reg(s) [0, 22057, 0, 22084, 0, 21790]",03 24 00 00 56 29 00 00 56 44 00 00 55 1E 00 02 E7 77 00 02 E8 FA 00 02 E9 02 00 05 07 BC 00 05 0B 22 00 05 09 A7
1003,1,3,FC3 request: start=102 qty=16,03 00 66 00 10
1005,1,3,"FC3 response: 16 reg(s) [19, 8582, 0, 0, 19, 9864]",03 20 00 13 21 86 00 00 00 00 00 13 26 88 00 00 00 00 00 00 00 00 00 00 00 00 00 00 00 00 00 00 DD 79
1007,1,3,FC3 request: start=166 qty=36,03 00 A6 00 24
1013,1,3,FC3 request: start=25012 qty=1,03 61 B4 00 01
1013,1,3,FC3 response: 1 reg(s) [124],03 02 00 7C
1015,1,3,FC3 request: start=16 qty=18,03 00 10 00 12
1017,1,3,"FC3 response: 18 reg(s) [0, 21844, 0, 21891, 0, 21665]",03 24 00 00 55 54 00 00 55 83 00 00 54 A1 00 02 E4 1E 00 02 E8 70 00 02 E8 47 00 05 03 A3 00 05 0B 8B 00 05 05 57
1017,1,3,FC3 request: start=102 qty=16,03 00 66 00 10
1019,1,3,"FC3 response: 16 reg(s) [18, 63699, 0, 0, 18, 64118]",03 20 00 12 F8 D3 00 00 00 00 00 12 FA 76 00 00 00 00 00 00 00 00 00 00 00 00 00 00 00 00 00 00 7E 1B
1019,1,3,FC3 request: start=166 qty=36,03 00 A6 00 24
1023,1,3,FC3 request: start=25012 qty=1,03 61 B4 00 01
1023,1,3,FC3 response: 1 reg(s) [124],03 02 00 7C
1025,1,3,FC3 request: start=16 qty=18,03 00 10 00 12
1027,1,3,"FC3 response: 18 reg(s) [0, 21810, 0, 21926, 0, 21700]",03 24 00 00 55 32 00 00 55 A6 00 00 54 C4 00 02 E8 2B 00 02 E9 F6 00 02 E8 B1 00 05 09 CD 00 05 0B 84 00 05 09 96
1027,1,3,FC3 request: start=102 qty=16,03 00 66 00 10
1029,1,3,"FC3 response: 16 reg(s) [19, 4862, 0, 0, 19, 5268]",03 20 00 13 12 FE 00 00 00 00 00 13 14 94 00 00 00 00 00 00 00 00 00 00 00 00 00 00 00 00 00 00 7C 7E
1031,1,3,FC3 request: start=166 qty=36,03 00 A6 00 24
1037,1,3,FC3 request: start=25012 qty=1,03 61 B4 00 01
1037,1,3,FC3 response: 1 reg(s) [124],03 02 00 7C
1039,1,3,FC3 request: start=16 qty=18,03 00 10 00 12
1041,1,3,"FC3 response: 18 reg(s) [0, 22020, 0, 22120, 0, 21808]",03 24 00 00 56 04 00 00 56 68 00 00 55 30 00 02 E9 0E 00 02 E9 FC 00 02 E8 D6 00 05 0A C9 00 05 0B 33 00 05 0A BD
1041,1,3,FC3 request: start=102 qty=16,03 00 66 00 10
1043,1,3,"FC3 response: 16 reg(s) [19, 10007, 0, 0, 19, 11128]",03 20 00 13 27 17 00 00 00 00 00 13 2B 78 00 00 00 00 00 00 00 00 00 00 00 00 00 00 00 00 00 00 CF 44
1045,1,3,FC3 request: start=166 qty=36,03 00 A6 00 24
1051,1,3,FC3 request: start=25012 qty=1,03 61 B4 00 01
1051,1,3,FC3 response: 1 reg(s) [124],03 02 00 7C
1053,1,3,FC3 request: start=16 qty=18,03 00 10 00 12
1055,1,3,"FC3 response: 18 reg(s) [0, 22008, 0, 22030, 0, 21749]",03 24 00 00 55 F8 00 00 56 0E 00 00 54 F5 00 02 E5 FF 00 02 E9 23 00 02 E9 DA 00 05 05 B8 00 05 0D 1E 00 05 08 E1
1055,1,3,FC3 request: start=102 qty=16,03 00 66 00 10
1057,1,3,"FC3 response: 16 reg(s) [19, 6612, 0, 0, 19, 7690]",03 20 00 13 19 D4 00 00 00 00 00 13 1E 0A 00 00 00 00 00 00 00 00 00 00 00 00 00 00 00 00 00 00 CA FB
1057,1,3,FC3 request: start=166 qty=36,03 00 A6 00 24
1063,1,3,FC3 request: start=25012 qty=1,03 61 B4 00 01
1063,1,3,FC3 response: 1 reg(s) [124],03 02 00 7C
1065,1,3,FC3 request: start=16 qty=18,03 00 10 00 12
1067,1,3,"FC3 response: 18 reg(s) [0, 21899, 0, 21928, 0, 21710]",03 24 00 00 55 8B 00 00 55 A8 00 00 54 CE 00 02 E5 96 00 02 E9 89 00 02 E8 5D 00 05 06 8B 00 05 0C 12 00 05 06 83
1069,1,3,FC3 request: start=102 qty=16,03 00 66 00 10
1071,1,3,"FC3 response: 16 reg(s) [19, 1547, 0, 0, 19, 1806]",03 20 00 13 06 0B 00 00 00 00 00 13 07 0E 00 00 00 00 00 00 00 00 00 00 00 00 00 00 00 00 00 00 63 4D
1071,1,3,FC3 request: start=166 qty=36,03 00 A6 00 24
1077,1,3,FC3 request: start=25012 qty=1,03 61 B4 00 01
1077,1,3,FC3 response: 1 reg(s) [124],03 02 00 7C
1079,1,3,FC3 request: start=16 qty=18,03 00 10 00 12
1081,1,3,"FC3 response: 18 reg(s) [0, 21886, 0, 22047, 0, 21795]",03 24 00 00 55 7E 00 00 56 1F 00 00 55 23 00 02 E8 28 00 02 EA 4A 00 02 E8 D9 00 05 0A 11 00 05 0C 10 00 05 09 97
1081,1,3,FC3 request: start=102 qty=16,03 00 66 00 10
1083,1,3,"FC3 response: 16 reg(s) [19, 7022, 0, 0, 19, 7369]",03 20 00 13 1B 6E 00 00 00 00 00 13 1C C9 00 00 00 00 00 00 00 00 00 00 00 00 00 00 00 00 00 00 73 22
1083,1,3,FC3 request: start=166 qty=36,03 00 A6 00 24
1087,1,3,FC3 request: start=25012 qty=1,03 61 B4 00 01
1087,1,3,FC3 response: 1 reg(s) [124],03 02 00 7C
1089,1,3,FC3 request: start=16 qty=18,03 00 10 00 12
1091,1,3,"FC3 response: 18 reg(s) [0, 22116, 0, 22185, 0, 21907]",03 24 00 00 56 64 00 00 56 A9 00 00 55 93 00 02 E8 4B 00 02 E9 3E 00 02 E9 6E 00 05 08 C0 00 05 0B 78 00 05 0A F0
1093,1,3,FC3 request: start=102 qty=16,03 00 66 00 10
1095,1,3,"FC3 response: 16 reg(s) [19, 14286, 0, 0, 19, 15704]",03 20 00 13 37 CE 00 00 00 00 00 13 3D 58 00 00 00 00 00 00 00 00 00 00 00 00 00 00 00 00 00 00 E9 7E
1097,1,3,FC3 request: start=166 qty=36,03 00 A6 00 24
1103,1,3,FC3 request: start=25012 qty=1,03 61 B4 00 01
1103,1,3,FC3 response: 1 reg(s) [124],03 02 00 7C
1105,1,3,FC3 request: start=16 qty=18,03 00 10 00 12
1107,1,3,"FC3 response: 18 reg(s) [0, 22012, 0, 21991, 0, 21764]",03 24 00 00 55 FC 00 00 55 E7 00 00 55 04 00 02 E4 78 00 02 E8 D3 00 02 E9 03 00 05 04 11 00 05 0C A2 00 05 06 5F
1107,1,3,FC3 request: start=102 qty=16,03 00 66 00 10
1109,1,3,"FC3 response: 16 reg(s) [19, 5676, 0, 0, 19, 6300]",03 20 00 13 16 2C 00 00 00 00 00 13 18 9C 00 00 00 00 00 00 00 00 00 00 00 00 00 00 00 00 00 00 9A 58
1109,1,3,FC3 request: start=166 qty=36,03 00 A6 00 24
1113,1,3,FC3 request: start=25012 qty=1,03 61 B4 00 01
1113,1,3,FC3 response: 1 reg(s) [124],03 02 00 7C
1115,1,3,FC3 request: start=16 qty=18,03 00 10 00 12
1117,1,3,"FC3 response: 18 reg(s) [0, 21911, 0, 21935, 0, 21773]",03 24 00 00 55 97 00 00 55 AF 00 00 55 0D 00 02 E5 28 00 02 E9 51 00 02 E8 29 00 05 05 E8 00 05 0B D5 00 05 05 E8
1117,1,3,FC3 request: start=102 qty=16,03 00 66 00 10
1119,1,3,"FC3 response: 16 reg(s) [19, 3320, 0, 0, 19, 3599]",03 20 00 13 0C F8 00 00 00 00 00 13 0E 0F 00 00 00 00 00 00 00 00 00 00 00 00 00 00 00 00 00 00 67 11
1119,1,3,FC3 request: start=166 qty=36,03 00 A6 00 24
1123,1,3,FC3 request: start=25012 qty=1,03 61 B4 00 01
1123,1,3,FC3 response: 1 reg(s) [124],03 02 00 7C
1125,1,3,FC3 request: start=16 qty=18,03 00 10 00 12
1127,1,3,"FC3 response: 18 reg(s) [0, 22080, 0, 22157, 0, 21944]",03 24 00 00 56 40 00 00 56 8D 00 00 55 B8 00 02 E8 66 00 02 E9 EF 00 02 E8 B0 00 05 0A 0C 00 05 0B 57 00 05 09 DC
1129,1,3,FC3 request: start=102 qty=16,03 00 66 00 10
1131,1,3,"FC3 response: 16 reg(s) [19, 14707, 0, 0, 19, 15415]",03 20 00 13 39 73 00 00 00 00 00 13 3C 37 00 00 00 00 00 00 00 00 00 00 00 00 00 00 00 00 00 00 A5 16
1133,1,3,FC3 request: start=166 qty=36,03 00 A6 00 24
1139,1,3,FC3 request: start=25012 qty=1,03 61 B4 00 01
1139,1,3,FC3 response: 1 reg(s) [124],03 02 00 7C
1141,1,3,FC3 request: start=16 qty=18,03 00 10 00 12
1143,1,3,"FC3 response: 18 reg(s) [0, 22159, 0, 22193, 0, 21920]",03 24 00 00 56 8F 00 00 56 B1 00 00 55 A0 00 02 E6 F3 00 02 E9 8B 00 02 EA 39 00 05 07 11 00 05 0D 78 00 05 0A 2E
1143,1,3,FC3 request: start=102 qty=16,03 00 66 00 10
1145,1,3,"FC3 response: 16 reg(s) [19, 16338, 0, 0, 19, 17556]",03 20 00 13 3F D2 00 00 00 00 00 13 44 94 00 00 00 00 00 00 00 00 00 00 00 00 00 00 00 00 00 00 D8 8B
1145,1,3,FC3 request: start=166 qty=36,03 00 A6 00 24
1149,1,3,FC3 request: start=25012 qty=1,03 61 B4 00 01
1149,1,3,FC3 response: 1 reg(s) [124],03 02 00 7C
1151,1,3,FC3 request: start=16 qty=18,03 00 10 00 12
1153,1,3,"FC3 response: 18 reg(s) [0, 22106, 0, 22070, 0, 21859]",03 24 00 00 56 5A 00 00 56 36 00 00 55 63 00 02 E4 C5 00 02 E8 FB 00 02 E9 64 00 05 04 64 00 05 0D 16 00 05 07 0D
1153,1,3,FC3 request: start=102 qty=16,03 00 66 00 10
1155,1,3,"FC3 response: 16 reg(s) [19, 11003, 0, 0, 19, 11788]",03 20 00 13 2A FB 00 00 00 00 00 13 2E 0C 00 00 00 00 00 00 00 00 00 00 00 00 00 00 00 00 00 00 AD 70
1157,1,3,FC3 request: start=166 qty=36,03 00 A6 00 24
1161,1,3,FC3 request: start=25012 qty=1,03 61 B4 00 01
1161,1,3,FC3 response: 1 reg(s) [124],03 02 00 7C
1163,1,3,FC3 request: start=16 qty=18,03 00 10 00 12
1165,1,3,"FC3 response: 18 reg(s) [0, 22028, 0, 22070, 0, 21891]",03 24 00 00 56 0C 00 00 56 36 00 00 55 83 00 02 E7 10 00 02 EA 58 00 02 E8 C9 00 05 08 EB 00 05 0C A7 00 05 08 3D
1165,1,3,FC3 request: start=102 qty=16,03 00 66 00 10
1167,1,3,"FC3 response: 16 reg(s) [19, 11650, 0, 0, 19, 11956]",03 20 00 13 2D 82 00 00 00 00 00 13 2E B4 00 00 00 00 00 00 00 00 00 00 00 00 00 00 00 00 00 00 6C 6B
1167,1,3,FC3 request: start=166 qty=36,03 00 A6 00 24
1171,19,137,FC137 raw len=1,89
1171,1,3,FC3 request: start=25012 qty=1,03 61 B4 00 01
1171,1,3,FC3 response: 1 reg(s) [124],03 02 00 7C
1173,1,3,FC3 request: start=16 qty=18,03 00 10 00 12
1175,1,3,"FC3 response: 18 reg(s) [0, 22250, 0, 22325, 0, 22031]",03 24 00 00 56 EA 00 00 57 35 00 00 56 0F 00 02 E8 33 00 02 E9 58 00 02 E8 F4 00 05 08 FC 00 05 0B 18 00 05 0A 42
1175,1,3,FC3 request: start=102 qty=16,03 00 66 00 10
1177,1,3,"FC3 response: 16 reg(s) [19, 21318, 0, 0, 19, 22718]",03 20 00 13 53 46 00 00 00 00 00 13 58 BE 00 00 00 00 00 00 00 00 00 00 00 00 00 00 00 00 00 00 E8 A8
1177,1,3,FC3 request: start=166 qty=36,03 00 A6 00 24
1181,1,3,FC3 request: start=25012 qty=1,03 61 B4 00 01
1181,1,3,FC3 response: 1 reg(s) [124],03 02 00 7C
1183,1,3,FC3 request: start=16 qty=18,03 00 10 00 12
1185,1,3,"FC3 response: 18 reg(s) [0, 22258, 0, 22305, 0, 22017]",03 24 00 00 56 F2 00 00 57 21 00 00 56 01 00 02 E6 FA 00 02 E9 1E 00 02 E9 E6 00 05 06 CA 00 05 0C 95 00 05 0A 16
1185,1,3,FC3 request: start=102 qty=16,03 00 66 00 10
1187,1,3,"FC3 response: 16 reg(s) [19, 21532, 0, 0, 19, 22777]",03 20 00 13 54 1C 00 00 00 00 00 13 58 F9 00 00 00 00 00 00 00 00 00 00 00 00 00 00 00 00 00 00 DB 63
1189,1,3,FC3 request: start=166 qty=36,03 00 A6 00 24
1193,1,3,FC3 request: start=25012 qty=1,03 61 B4 00 01
1193,1,3,FC3 response: 1 reg(s) [124],03 02 00 7C
1195,1,3,FC3 request: start=16 qty=18,03 00 10 00 12
1197,1,3,"FC3 response: 18 reg(s) [0, 22135, 0, 22154, 0, 21980]",03 24 00 00 56 77 00 00 56 8A 00 00 55 DC 00 02 E4 26 00 02 E9 1F 00 02 E8 3B 00 05 04 78 00 05 0C 43 00 05 04 F4
1199,1,3,FC3 request: start=102 qty=16,03 00 66 00 10
1201,1,3,"FC3 response: 16 reg(s) [19, 15099, 0, 0, 19, 15475]",03 20 00 13 3A FB 00 00 00 00 00 13 3C 73 00 00 00 00 00 00 00 00 00 00 00 00 00 00 00 00 00 00 78 3F
1203,1,3,FC3 request: start=166 qty=36,03 00 A6 00 24
1207,1,3,FC3 request: start=25012 qty=1,03 61 B4 00 01
1207,1,3,FC3 response: 1 reg(s) [124],03 02 00 7C
1209,1,3,FC3 request: start=16 qty=18,03 00 10 00 12
1211,1,3,"FC3 response: 18 reg(s) [0, 22255, 0, 22398, 0, 22133]",03 24 00 00 56 EF 00 00 57 7E 00 00 56 75 00 02 E7 56 00 02 E9 8E 00 02 E8 11 00 05 08 BC 00 05 0A CC 00 05 08 25
1213,1,3,FC3 request: start=102 qty=16,03 00 66 00 10
1215,1,3,"FC3 response: 16 reg(s) [19, 25462, 0, 0, 19, 25974]",03 20 00 13 63 76 00 00 00 00 00 13 65 76 00 00 00 00 00 00 00 00 00 00 00 00 00 00 00 00 00 00 8C E4
1215,1,3,FC3 request: start=166 qty=36,03 00 A6 00 24
1219,1,3,FC3 request: start=25012 qty=1,03 61 B4 00 01
1221,1,3,FC3 response: 1 reg(s) [124],03 02 00 7C
1223,1,3,FC3 request: start=16 qty=18,03 00 10 00 12
1225,1,3,"FC3 response: 18 reg(s) [0, 22389, 0, 22486, 0, 22201]",03 24 00 00 57 75 00 00 57 D6 00 00 56 B9 00 02 E7 64 00 02 E8 B6 00 02 E7 F3 00 05 07 E4 00 05 09 AA 00 05 08 8C
1225,1,3,FC3 request: start=102 qty=16,03 00 66 00 10
1227,1,3,"FC3 response: 16 reg(s) [19, 29187, 0, 0, 19, 30461]",03 20 00 13 72 03 00 00 00 00 00 13 76 FD 00 00 00 00 00 00 00 00 00 00 00 00 00 00 00 00 00 00 DE AA
1227,1,3,FC3 request: start=166 qty=36,03 00 A6 00 24
1231,1,3,FC3 request: start=25012 qty=1,03 61 B4 00 01
1231,1,3,FC3 response: 1 reg(s) [124],03 02 00 7C
1233,1,3,FC3 request: start=16 qty=18,03 00 10 00 12
1235,1,3,"FC3 response: 18 reg(s) [0, 22425, 0, 22390, 0, 22163]",03 24 00 00 57 99 00 00 57 76 00 00 56 93 00 02 E4 E2 00 02 E8 CD 00 02 E9 4C 00 05 04 5A 00 05 0C BB 00 05 07 2C
1237,1,3,FC3 request: start=102 qty=16,03 00 66 00 10
1239,1,3,"FC3 response: 16 reg(s) [19, 28413, 0, 0, 19, 29450]",03 20 00 13 6E FD 00 00 00 00 00 13 73 0A 00 00 00 00 00 00 00 00 00 00 00 00 00 00 00 00 00 00 C8 C1
1239,1,3,FC3 request: start=166 qty=36,03 00 A6 00 24
1245,1,3,FC3 request: start=25012 qty=1,03 61 B4 00 01
1245,1,3,FC3 response: 1 reg(s) [124],03 02 00 7C
1247,1,3,FC3 request: start=16 qty=18,03 00 10 00 12
1249,1,3,"FC3 response: 18 reg(s) [0, 22284, 0, 22341, 0, 22174]",03 24 00 00 57 0C 00 00 57 45 00 00 56 9E 00 02 E5 B5 00 02 E9 AB 00 02 E8 09 00 05 07 04 00 05 0B C9 00 05 06 33
1251,1,3,FC3 request: start=102 qty=16,03 00 66 00 10
1253,1,3,"FC3 response: 16 reg(s) [19, 25909, 0, 0, 19, 26215]",03 20 00 13 65 35 00 00 00 00 00 13 66 67 00 00 00 00 00 00 00 00 00 00 00 00 00 00 00 00 00 00 6D 0F
1253,1,3,FC3 request: start=166 qty=36,03 00 A6 00 24
1257,1,3,FC3 request: start=25012 qty=1,03 61 B4 00 01
1257,1,3,FC3 response: 1 reg(s) [124],03 02 00 7C
1259,1,3,FC3 request: start=16 qty=18,03 00 10 00 12
1261,1,3,"FC3 response: 18 reg(s) [0, 22380, 0, 22480, 0, 22282]",03 24 00 00 57 6C 00 00 57 D0 00 00 57 0A 00 02 E7 7A 00 02 E9 CF 00 02 E8 60 00 05 08 FD 00 05 0B 5E 00 05 08 89
1261,1,3,FC3 request: start=102 qty=16,03 00 66 00 10
1263,1,3,"FC3 response: 16 reg(s) [19, 32919, 0, 0, 19, 33351]",03 20 00 13 80 97 00 00 00 00 00 13 82 47 00 00 00 00 00 00 00 00 00 00 00 00 00 00 00 00 00 00 81 CD
1263,1,3,FC3 request: start=166 qty=36,03 00 A6 00 24
1267,1,3,FC3 request: start=25012 qty=1,03 61 B4 00 01
1267,1,3,FC3 response: 1 reg(s) [124],03 02 00 7C
1269,1,3,FC3 request: start=16 qty=18,03 00 10 00 12
1271,1,3,"FC3 response: 18 reg(s) [0, 22681, 0, 22621, 0, 22336]",03 24 00 00 58 99 00 00 58 5D 00 00 57 40 00 02 E7 4F 00 02 E9 02 00 02 E9 0B 00 05 07 91 00 05 0B 4C 00 05 09 80
1273,1,3,FC3 request: start=102 qty=16,03 00 66 00 10
1275,1,3,"FC3 response: 16 reg(s) [19, 40788, 0, 0, 19, 42212]",03 20 00 13 9F 54 00 00 00 00 00 13 A4 E4 00 00 00 00 00 00 00 00 00 00 00 00 00 00 00 00 00 00 EC 65
1275,1,3,FC3 request: start=166 qty=36,03 00 A6 00 24
1279,1,3,FC3 request: start=25012 qty=1,03 61 B4 00 01
1281,1,3,FC3 response: 1 reg(s) [124],03 02 00 7C
1283,1,3,FC3 request: start=16 qty=18,03 00 10 00 12
1285,1,3,"FC3 response: 18 reg(s) [0, 22537, 0, 22449, 0, 22291]",03 24 00 00 58 09 00 00 57 B1 00 00 57 13 00 02 E4 13 00 02 E8 EB 00 02 E8 A0 00 05 03 F1 00 05 0C 84 00 05 05 70
1285,1,3,FC3 request: start=102 qty=16,03 00 66 00 10
1287,1,3,"FC3 response: 16 reg(s) [19, 34038, 0, 0, 19, 34644]",03 20 00 13 84 F6 00 00 00 00 00 13 87 54 00 00 00 00 00 00 00 00 00 00 00 00 00 00 00 00 00 00 99 E4
1287,1,3,FC3 request: start=166 qty=36,03 00 A6 00 24
1291,1,3,FC3 request: start=25012 qty=1,03 61 B4 00 01
1291,1,3,FC3 response: 1 reg(s) [124],03 02 00 7C
1293,1,3,FC3 request: start=16 qty=18,03 00 10 00 12
1295,1,3,"FC3 response: 18 reg(s) [0, 22460, 0, 22479, 0, 22335]",03 24 00 00 57 BC 00 00 57 CF 00 00 57 3F 00 02 E5 4A 00 02 E9 63 00 02 E8 7A 00 05 05 F1 00 05 0C 34 00 05 06 66
1295,1,3,FC3 request: start=102 qty=16,03 00 66 00 10
1297,1,3,"FC3 response: 16 reg(s) [19, 34910, 0, 0, 19, 35223]",03 20 00 13 88 5E 00 00 00 00 00 13 89 97 00 00 00 00 00 00 00 00 00 00 00 00 00 00 00 00 00 00 6E 8B
1297,1,3,FC3 request: start=166 qty=36,03 00 A6 00 24
1301,1,3,FC3 request: start=25012 qty=1,03 61 B4 00 01
1301,1,3,FC3 response: 1 reg(s) [124],03 02 00 7C
1303,1,3,FC3 request: start=16 qty=18,03 00 10 00 12
1305,1,3,"FC3 response: 18 reg(s) [0, 22701, 0, 22719, 0, 22461]",03 24 00 00 58 AD 00 00 58 BF 00 00 57 BD 00 02 E8 48 00 02 EA 03 00 02 E8 51 00 05 0A 36 00 05 0B 13 00 05 09 40
1305,1,3,FC3 request: start=102 qty=16,03 00 66 00 10
1307,1,3,"FC3 response: 16 reg(s) [19, 46516, 0, 0, 19, 47434]",03 20 00 13 B5 B4 00 00 00 00 00 13 B9 4A 00 00 00 00 00 00 00 00 00 00 00 00 00 00 00 00 00 00 BE 51
1307,1,3,FC3 request: start=166 qty=36,03 00 A6 00 24
1311,1,3,FC3 request: start=25012 qty=1,03 61 B4 00 01
1311,1,3,FC3 response: 1 reg(s) [124],03 02 00 7C
1313,1,3,FC3 request: start=16 qty=18,03 00 10 00 12
1315,1,3,"FC3 response: 18 reg(s) [0, 22780, 0, 22739, 0, 22407]",03 24 00 00 58 FC 00 00 58 D3 00 00 57 87 00 02 E5 FD 00 02 E9 0A 00 02 E9 69 00 05 05 D8 00 05 0C 80 00 05 08 6E
1315,1,3,FC3 request: start=102 qty=16,03 00 66 00 10
1317,1,3,"FC3 response: 16 reg(s) [19, 46720, 0, 0, 19, 47920]",03 20 00 13 B6 80 00 00 00 00 00 13 BB 30 00 00 00 00 00 00 00 00 00 00 00 00 00 00 00 00 00 00 D9 8F
1319,1,3,FC3 request: start=166 qty=36,03 00 A6 00 24
1323,1,3,FC3 request: start=25012 qty=1,03 61 B4 00 01
1323,1,3,FC3 response: 1 reg(s) [124],03 02 00 7C
1325,1,3,FC3 request: start=16 qty=18,03 00 10 00 12
1327,1,3,"FC3 response: 18 reg(s) [0, 22673, 0, 22620, 0, 22429]",03 24 00 00 58 91 00 00 58 5C 00 00 57 9D 00 02 E3 DF 00 02 E8 A8 00 02 E8 96 00 05 03 6E 00 05 0C 4E 00 05 05 49
1329,1,3,FC3 request: start=102 qty=16,03 00 66 00 10
1331,1,3,"FC3 response: 16 reg(s) [19, 42056, 0, 0, 19, 42792]",03 20 00 13 A4 48 00 00 00 00 00 13 A7 28 00 00 00 00 00 00 00 00 00 00 00 00 00 00 00 00 00 00 AA 23
1331,1,3,FC3 request: start=166 qty=36,03 00 A6 00 24
1337,1,3,FC3 request: start=25012 qty=1,03 61 B4 00 01
1337,1,3,FC3 response: 1 reg(s) [124],03 02 00 7C
1339,1,3,FC3 request: start=16 qty=18,03 00 10 00 12
1341,1,3,"FC3 response: 18 reg(s) [0, 22641, 0, 22682, 0, 22511]",03 24 00 00 58 71 00 00 58 9A 00 00 57 EF 00 02 E6 72 00 02 E9 98 00 02 E7 F2 00 05 07 D1 00 05 0B 32 00 05 06 FB
1343,1,3,FC3 request: start=102 qty=16,03 00 66 00 10
1345,1,3,"FC3 response: 16 reg(s) [19, 45475, 0, 0, 19, 45827]",03 20 00 13 B1 A3 00 00 00 00 00 13 B3 03 00 00 00 00 00 00 00 00 00 00 00 00 00 00 00 00 00 00 75 B3
1345,1,3,FC3 request: start=166 qty=36,03 00 A6 00 24
1351,1,3,FC3 request: start=25012 qty=1,03 61 B4 00 01
1351,1,3,FC3 response: 1 reg(s) [124],03 02 00 7C
1353,1,3,FC3 request: start=16 qty=18,03 00 10 00 12
1355,1,3,"FC3 response: 18 reg(s) [0, 22884, 0, 22862, 0, 22650]",03 24 00 00 59 64 00 00 59 4E 00 00 58 7A 00 02 E7 83 00 02 E9 14 00 02 E8 90 00 05 08 1F 00 05 0A C1 00 05 09 23
1355,1,3,FC3 request: start=102 qty=16,03 00 66 00 10
1357,1,3,"FC3 response: 16 reg(s) [19, 54792, 0, 0, 19, 56307]",03 20 00 13 D6 08 00 00 00 00 00 13 DB F3 00 00 00 00 00 00 00 00 00 00 00 00 00 00 00 00 00 00 F5 3A
1357,1,3,FC3 request: start=166 qty=36,03 00 A6 00 24
1361,3,37,FC37 raw len=42,25 A5 00 00 03 E7 00 1F 25 81 00 00 59 0C 00 1F 15 36 00 00 2E 21 00 00 00 03 00 11 72 2A 00 00 00 02 00 08 CF 46 00 00 13 8A
1361,1,3,FC3 request: start=25012 qty=1,03 61 B4 00 01
1361,1,3,FC3 response: 1 reg(s) [124],03 02 00 7C
1363,1,3,FC3 request: start=16 qty=18,03 00 10 00 12
1365,1,3,"FC3 response: 18 reg(s) [0, 22897, 0, 22867, 0, 22477]",03 24 00 00 59 71 00 00 59 53 00 00 57 CD 00 02 E6 87 00 02 E9 41 00 02 E9 7D 00 05 06 AF 00 05 0C 8A 00 05 08 FD
1365,1,3,FC3 request: start=102 qty=16,03 00 66 00 10
1367,1,3,"FC3 response: 16 reg(s) [19, 53039, 0, 0, 19, 54280]",03 20 00 13 CF 2F 00 00 00 00 00 13 D4 08 00 00 00 00 00 00 00 00 00 00 00 00 00 00 00 00 00 00 DD D0
1367,1,3,FC3 request: start=166 qty=36,03 00 A6 00 24
1371,1,3,FC3 request: start=25012 qty=1,03 61 B4 00 01
1371,1,3,FC3 response: 1 reg(s) [124],03 02 00 7C
1373,1,3,FC3 request: start=16 qty=18,03 00 10 00 12
1375,1,3,"FC3 response: 18 reg(s) [0, 22698, 0, 22666, 0, 22526]",03 24 00 00 58 AA 00 00 58 8A 00 00 57 FE 00 02 E4 4D 00 02 E9 3E 00 02 E8 51 00 05 04 BC 00 05 0C 6B 00 05 05 27
1375,1,3,FC3 request: start=102 qty=16,03 00 66 00 10
1377,1,3,"FC3 response: 16 reg(s) [19, 46044, 0, 0, 19, 46438]",03 20 00 13 B3 DC 00 00 00 00 00 13 B5 66 00 00 00 00 00 00 00 00 00 00 00 00 00 00 00 00 00 00 7C 8C
1377,1,3,FC3 request: start=166 qty=36,03 00 A6 00 24
1381,1,3,FC3 request: start=25012 qty=1,03 61 B4 00 01
1381,1,3,FC3 response: 1 reg(s) [124],03 02 00 7C
1383,1,3,FC3 request: start=16 qty=18,03 00 10 00 12
1385,1,3,"FC3 response: 18 reg(s) [0, 22849, 0, 22846, 0, 22657]",03 24 00 00 59 41 00 00 59 3E 00 00 58 81 00 02 E8 53 00 02 EA 2B 00 02 E8 CB 00 05 0A 2F 00 05 0B C7 00 05 09 BF
1385,1,3,FC3 request: start=102 qty=16,03 00 66 00 10
1387,1,3,"FC3 response: 16 reg(s) [19, 56483, 0, 0, 19, 57099]",03 20 00 13 DC A3 00 00 00 00 00 13 DF 0B 00 00 00 00 00 00 00 00 00 00 00 00 00 00 00 00 00 00 9C 56
1387,1,3,FC3 request: start=166 qty=36,03 00 A6 00 24
1391,1,3,FC3 request: start=25012 qty=1,03 61 B4 00 01
1393,1,3,FC3 response: 1 reg(s) [124],03 02 00 7C
1395,1,3,FC3 request: start=16 qty=18,03 00 10 00 12
1397,1,3,"FC3 response: 18 reg(s) [0, 22983, 0, 22965, 0, 22749]",03 24 00 00 59 C7 00 00 59 B5 00 00 58 DD 00 02 E8 1A 00 02 E9 CC 00 02 E8 C0 00 05 09 85 00 05 0B 73 00 05 09 A3
1397,1,3,FC3 request: start=102 qty=16,03 00 66 00 10
1399,1,3,"FC3 response: 16 reg(s) [19, 61431, 0, 0, 19, 62848]",03 20 00 13 EF F7 00 00 00 00 00 13 F5 80 00 00 00 00 00 00 00 00 00 00 00 00 00 00 00 00 00 00 E2 5C
1399,1,3,FC3 request: start=166 qty=36,03 00 A6 00 24
1403,1,3,FC3 request: start=25012 qty=1,03 61 B4 00 01
1403,1,3,FC3 response: 1 reg(s) [124],03 02 00 7C
1405,1,3,FC3 request: start=16 qty=18,03 00 10 00 12
1407,1,3,"FC3 response: 18 reg(s) [0, 22963, 0, 22890, 0, 22637]",03 24 00 00 59 B3 00 00 59 6A 00 00 58 6D 00 02 E4 BA 00 02 E8 A3 00 02 E9 31 00 05 04 0D 00 05 0C 80 00 05 06 F5
1407,1,3,FC3 request: start=102 qty=16,03 00 66 00 10
1409,1,3,"FC3 response: 16 reg(s) [19, 57028, 0, 0, 19, 58013]",03 20 00 13 DE C4 00 00 00 00 00 13 E2 9D 00 00 00 00 00 00 00 00 00 00 00 00 00 00 00 00 00 00 C5 D1
1411,1,3,FC3 request: start=166 qty=36,03 00 A6 00 24
1417,1,3,FC3 request: start=25012 qty=1,03 61 B4 00 01
1417,1,3,FC3 response: 1 reg(s) [124],03 02 00 7C
1419,1,3,FC3 request: start=16 qty=18,03 00 10 00 12
1421,1,3,"FC3 response: 18 reg(s) [0, 22831, 0, 22869, 0, 22717]",03 24 00 00 59 2F 00 00 59 55 00 00 58 BD 00 02 E5 F2 00 02 E9 A8 00 02 E8 2F 00 05 07 30 00 05 0B CE 00 05 06 A5
1421,1,3,FC3 request: start=102 qty=16,03 00 66 00 10
1423,1,3,"FC3 response: 16 reg(s) [19, 56808, 0, 0, 19, 57127]",03 20 00 13 DD E8 00 00 00 00 00 13 DF 27 00 00 00 00 00 00 00 00 00 00 00 00 00 00 00 00 00 00 70 AD
1423,1,3,FC3 request: start=166 qty=36,03 00 A6 00 24
1427,1,3,FC3 request: start=25012 qty=1,03 61 B4 00 01
1427,1,3,FC3 response: 1 reg(s) [124],03 02 00 7C
1429,1,3,FC3 request: start=16 qty=18,03 00 10 00 12
1431,1,3,"FC3 response: 18 reg(s) [0, 23008, 0, 23001, 0, 22788]",03 24 00 00 59 E0 00 00 59 D9 00 00 59 04 00 02 E7 AF 00 02 E9 D0 00 02 E8 5A 00 05 09 99 00 05 0A C7 00 05 08 FB
1431,1,3,FC3 request: start=102 qty=16,03 00 66 00 10
1433,1,3,"FC3 response: 16 reg(s) [19, 64280, 0, 0, 20, 5821]",03 20 00 13 FB 18 00 00 00 00 00 14 16 BD 00 00 00 00 00 00 00 00 00 00 00 00 00 00 00 00 00 00 E7 7C
1433,1,3,FC3 request: start=166 qty=36,03 00 A6 00 24
1437,1,3,FC3 request: start=25012 qty=1,03 61 B4 00 01
1437,1,3,FC3 response: 1 reg(s) [124],03 02 00 7C
1439,1,3,FC3 request: start=16 qty=18,03 00 10 00 12
1441,1,3,"FC3 response: 18 reg(s) [0, 23208, 0, 23197, 0, 22913]",03 24 00 00 5A A8 00 00 5A 9D 00 00 59 81 00 02 E7 27 00 02 E9 44 00 02 E9 4E 00 05 07 8A 00 05 0B FC 00 05 09 78
1441,1,3,FC3 request: start=102 qty=16,03 00 66 00 10
1443,1,3,"FC3 response: 16 reg(s) [20, 7577, 0, 0, 20, 9041]",03 20 00 14 1D 99 00 00 00 00 00 14 23 51 00 00 00 00 00 00 00 00 00 00 00 00 00 00 00 00 00 00 F2 D0
1443,1,3,FC3 request: start=166 qty=36,03 00 A6 00 24
1447,1,3,FC3 request: start=25012 qty=1,03 61 B4 00 01
1447,1,3,FC3 response: 1 reg(s) [124],03 02 00 7C
1449,1,3,FC3 request: start=16 qty=18,03 00 10 00 12
1451,1,3,"FC3 response: 18 reg(s) [0, 23107, 0, 23051, 0, 22872]",03 24 00 00 5A 43 00 00 5A 0B 00 00 59 58 00 02 E4 3F 00 02 E9 0E 00 02 E8 EB 00 05 04 1D 00 05 0C ED 00 05 05 E3
1451,1,3,FC3 request: start=102 qty=16,03 00 66 00 10
1453,1,3,"FC3 response: 16 reg(s) [20, 2282, 0, 0, 20, 2825]",03 20 00 14 08 EA 00 00 00 00 00 14 0B 09 00 00 00 00 00 00 00 00 00 00 00 00 00 00 00 00 00 00 93 8F
1455,1,3,FC3 request: start=166 qty=36,03 00 A6 00 24
1459,1,3,FC3 request: start=25012 qty=1,03 61 B4 00 01
1459,1,3,FC3 response: 1 reg(s) [124],03 02 00 7C
1461,1,3,FC3 request: start=16 qty=18,03 00 10 00 12
1463,1,3,"FC3 response: 18 reg(s) [0, 23108, 0, 23077, 0, 22928]",03 24 00 00 5A 44 00 00 5A 25 00 00 59 90 00 02 E5 9A 00 02 EA C7 00 02 E9 83 00 05 0A 3F 00 05 0D 65 00 05 0A 10
1465,1,3,FC3 request: start=102 qty=16,03 00 66 00 10
1467,1,3,"FC3 response: 16 reg(s) [20, 10928, 0, 0, 20, 11433]",03 20 00 14 2A B0 00 00 00 00 00 14 2C A9 00 00 00 00 00 00 00 00 00 00 00 00 00 00 00 00 00 00 8E B7
1469,1,3,FC3 request: start=166 qty=36,03 00 A6 00 24
1475,1,3,FC3 request: start=25012 qty=1,03 61 B4 00 01
1475,1,3,FC3 response: 1 reg(s) [124],03 02 00 7C
1477,1,3,FC3 request: start=16 qty=18,03 00 10 00 12
1479,1,3,"FC3 response: 18 reg(s) [0, 23314, 0, 23382, 0, 23141]",03 24 00 00 5B 12 00 00 5B 56 00 00 5A 65 00 02 E8 BB 00 02 EA AF 00 02 E8 ED 00 05 0B 2A 00 05 0C 4C 00 05 0A 12
1481,1,3,FC3 request: start=102 qty=16,03 00 66 00 10
1483,1,3,"FC3 response: 16 reg(s) [20, 18944, 0, 0, 20, 20110]",03 20 00 14 4A 00 00 00 00 00 00 14 4E 8E 00 00 00 00 00 00 00 00 00 00 00 00 00 00 00 00 00 00 D9 9E
1485,1,3,FC3 request: start=166 qty=36,03 00 A6 00 24
1487,1,3,"FC3 response: 36 reg(s) [2490, 27262, 8, 54447, 2556, 26544]",03 48 09 BA 6A 7E 00 08 D4 AF 09 FC 67 B0 00 12 4A BE 00 0B 3B 78 00 97 81 64 05 C7 66 FC 00 03 25 A5 00 00 03 E7 00 1F 25 81 00 00 59 0C 00 1F 15 36 00 00 2E 21 00 00 00 03 00 11 72 2A 00 00 00 02 00 08 CF 46 00 00 13 8B
1489,1,3,FC3 request: start=25012 qty=1,03 61 B4 00 01
1489,1,3,FC3 response: 1 reg(s) [124],03 02 00 7C
1491,1,3,FC3 request: start=16 qty=18,03 00 10 00 12
1493,1,3,"FC3 response: 18 reg(s) [0, 23504, 0, 23436, 0, 23103]",03 24 00 00 5B D0 00 00 5B 8C 00 00 5A 3F 00 02 E6 64 00 02 E9 8F 00 02 E9 E7 00 05 06 A2 00 05 0D 72 00 05 09 25
1493,1,3,FC3 request: start=102 qty=16,03 00 66 00 10
1495,1,3,"FC3 response: 16 reg(s) [20, 22412, 0, 0, 20, 23684]",03 20 00 14 57 8C 00 00 00 00 00 14 5C 84 00 00 00 00 00 00 00 00 00 00 00 00 00 00 00 00 00 00 E3 8B
1495,1,3,FC3 request: start=166 qty=36,03 00 A6 00 24
1499,1,3,FC3 request: start=25012 qty=1,03 61 B4 00 01
1499,1,3,FC3 response: 1 reg(s) [124],03 02 00 7C
1501,1,3,FC3 request: start=16 qty=18,03 00 10 00 12
1503,1,3,"FC3 response: 18 reg(s) [0, 23400, 0, 23412, 0, 23226]",03 24 00 00 5B 68 00 00 5B 74 00 00 5A BA 00 02 E5 03 00 02 E9 67 00 02 E8 77 00 05 05 AB 00 05 0C 5E 00 05 06 09
1503,1,3,FC3 request: start=102 qty=16,03 00 66 00 10
1505,1,3,"FC3 response: 16 reg(s) [20, 21877, 0, 0, 20, 22237]",03 20 00 14 55 75 00 00 00 00 00 14 56 DD 00 00 00 00 00 00 00 00 00 00 00 00 00 00 00 00 00 00 78 F4
1505,1,3,FC3 request: start=166 qty=36,03 00 A6 00 24
1509,1,3,FC3 request: start=25012 qty=1,03 61 B4 00 01
1509,1,3,FC3 response: 1 reg(s) [124],03 02 00 7C
1511,1,3,FC3 request: start=16 qty=18,03 00 10 00 12
1513,1,3,"FC3 response: 18 reg(s) [0, 23519, 0, 23573, 0, 23382]",03 24 00 00 5B DF 00 00 5C 15 00 00 5B 56 00 02 E7 63 00 02 EA 22 00 02 E8 B2 00 05 09 19 00 05 0C 24 00 05 08 9C
1513,1,3,FC3 request: start=102 qty=16,03 00 66 00 10
1515,1,3,"FC3 response: 16 reg(s) [20, 31348, 0, 0, 20, 31802]",03 20 00 14 7A 74 00 00 00 00 00 14 7C 3A 00 00 00 00 00 00 00 00 00 00 00 00 00 00 00 00 00 00 88 61
1515,1,3,FC3 request: start=166 qty=36,03 00 A6 00 24
1519,1,3,FC3 request: start=25012 qty=1,03 61 B4 00 01
1519,1,3,FC3 response: 1 reg(s) [124],03 02 00 7C
1521,1,3,FC3 request: start=16 qty=18,03 00 10 00 12
1523,1,3,"FC3 response: 18 reg(s) [0, 23943, 0, 23922, 0, 23641]",03 24 00 00 5D 87 00 00 5D 72 00 00 5C 59 00 02 E7 9C 00 02 E9 55 00 02 E8 99 00 05 08 89 00 05 0B 03 00 05 09 22
1525,1,3,FC3 request: start=102 qty=16,03 00 66 00 10
1527,1,3,"FC3 response: 16 reg(s) [20, 48518, 0, 0, 20, 50196]",03 20 00 14 BD 86 00 00 00 00 00 14 C4 14 00 00 00 00 00 00 00 00 00 00 00 00 00 00 00 00 00 01 07 EC
1529,1,3,FC3 request: start=166 qty=36,03 00 A6 00 24
1533,1,3,FC3 request: start=25012 qty=1,03 61 B4 00 01
1535,1,3,FC3 response: 1 reg(s) [124],03 02 00 7C
1537,1,3,FC3 request: start=16 qty=18,03 00 10 00 12
1539,1,3,"FC3 response: 18 reg(s) [0, 23983, 0, 23934, 0, 23680]",03 24 00 00 5D AF 00 00 5D 7E 00 00 5C 80 00 02 E3 B9 00 02 E8 3A 00 02 E8 73 00 05 02 D9 00 05 0B BA 00 05 05 34
1539,1,3,FC3 request: start=102 qty=16,03 00 66 00 10
1541,1,3,"FC3 response: 16 reg(s) [20, 49655, 0, 0, 20, 50507]",03 20 00 14 C1 F7 00 00 00 00 00 14 C5 4B 00 00 00 00 00 00 00 00 00 00 00 00 00 00 00 00 00 00 BC 2F
1541,1,3,FC3 request: start=166 qty=36,03 00 A6 00 24
1545,1,3,FC3 request: start=25012 qty=1,03 61 B4 00 01
1545,1,3,FC3 response: 1 reg(s) [124],03 02 00 7C
1547,1,3,FC3 request: start=16 qty=18,03 00 10 00 12
1549,1,3,"FC3 response: 18 reg(s) [0, 23983, 0, 23962, 0, 23793]",03 24 00 00 5D AF 00 00 5D 9A 00 00 5C F1 00 02 E3 E6 00 02 E8 22 00 02 E7 93 00 05 03 69 00 05 0A 84 00 05 04 7B
1549,1,3,FC3 request: start=102 qty=16,03 00 66 00 10
1551,1,3,"FC3 response: 16 reg(s) [20, 52164, 0, 0, 20, 52597]",03 20 00 14 CB C4 00 00 00 00 00 14 CD 75 00 00 00 00 00 00 00 00 00 00 00 00 00 00 00 00 00 00 86 4A
1551,1,3,FC3 request: start=166 qty=36,03 00 A6 00 24
1555,1,3,FC3 request: start=25012 qty=1,03 61 B4 00 01
1557,1,3,FC3 response: 1 reg(s) [124],03 02 00 7C
1559,1,3,FC3 request: start=16 qty=18,03 00 10 00 12
1561,1,3,"FC3 response: 18 reg(s) [0, 24236, 0, 24258, 0, 24001]",03 24 00 00 5E AC 00 00 5E C2 00 00 5D C1 00 02 E7 A9 00 02 E9 AC 00 02 E8 1F 00 05 09 3C 00 05 0A CB 00 05 08 81
1561,1,3,FC3 request: start=102 qty=16,03 00 66 00 10
1563,1,3,"FC3 response: 16 reg(s) [21, 2808, 0, 0, 21, 3718]",03 20 00 15 0A F8 00 00 00 00 00 15 0E 86 00 00 00 00 00 00 00 00 00 00 00 00 00 00 00 00 00 00 C3 D4
1565,1,3,FC3 request: start=166 qty=36,03 00 A6 00 24
1571,1,3,FC3 request: start=25012 qty=1,03 61 B4 00 01
1571,1,3,FC3 response: 1 reg(s) [124],03 02 00 7C
1573,1,3,FC3 request: start=16 qty=18,03 00 10 00 12
1575,1,3,"FC3 response: 18 reg(s) [0, 24524, 0, 24439, 0, 24082]",03 24 00 00 5F CC 00 00 5F 77 00 00 5E 12 00 02 E6 47 00 02 E9 0F 00 02 E8 CB 00 05 06 91 00 05 0B A8 00 05 08 05
1575,1,3,FC3 request: start=102 qty=16,03 00 66 00 10
1577,1,3,"FC3 response: 16 reg(s) [21, 12355, 0, 0, 21, 13895]",03 20 00 15 30 43 00 00 00 00 00 15 36 47 00 00 00 00 00 00 00 00 00 00 00 00 00 00 00 00 00 00 FF 89
1577,1,3,FC3 request: start=166 qty=36,03 00 A6 00 24
1581,1,3,FC3 request: start=25012 qty=1,03 61 B4 00 01
1581,1,3,FC3 response: 1 reg(s) [124],03 02 00 7C
1583,1,3,FC3 request: start=16 qty=18,03 00 10 00 12
1585,1,3,"FC3 response: 18 reg(s) [0, 24460, 0, 24358, 0, 24129]",03 24 00 00 5F 8C 00 00 5F 26 00 00 5E 41 00 02 E4 2A 00 02 E7 FC 00 02 E8 4F 00 05 03 29 00 05 0B 0C 00 05 05 AC
1587,1,3,FC3 request: start=102 qty=16,03 00 66 00 10
1589,1,3,"FC3 response: 16 reg(s) [21, 9514, 0, 0, 21, 10584]",03 20 00 15 25 2A 00 00 00 00 00 15 29 58 00 00 00 00 00 00 00 00 00 00 00 00 00 00 00 00 00 00 D4 C5
1591,1,3,FC3 request: start=166 qty=36,03 00 A6 00 24
1595,1,3,FC3 request: start=25012 qty=1,03 61 B4 00 01
1595,1,3,FC3 response: 1 reg(s) [124],03 02 00 7C
1597,1,3,FC3 request: start=16 qty=18,03 00 10 00 12
1599,1,3,"FC3 response: 18 reg(s) [0, 24419, 0, 24459, 0, 24256]",03 24 00 00 5F 63 00 00 5F 8B 00 00 5E C0 00 02 E6 23 00 02 E9 3E 00 02 E8 7F 00 05 06 BF 00 05 0B 91 00 05 07 7D
1599,1,3,FC3 request: start=102 qty=16,03 00 66 00 10
1601,1,3,"FC3 response: 16 reg(s) [21, 15115, 0, 0, 21, 15656]",03 20 00 15 3B 0B 00 00 00 00 00 15 3D 28 00 00 00 00 00 00 00 00 00 00 00 00 00 00 00 00 00 00 97 9E
1601,1,3,FC3 request: start=166 qty=36,03 00 A6 00 24
1605,1,3,FC3 request: start=25012 qty=1,03 61 B4 00 01
1605,1,3,FC3 response: 1 reg(s) [124],03 02 00 7C
1607,1,3,FC3 request: start=16 qty=18,03 00 10 00 12
1609,1,3,"FC3 response: 18 reg(s) [0, 24637, 0, 24657, 0, 24403]",03 24 00 00 60 3D 00 00 60 51 00 00 5F 53 00 02 E7 E0 00 02 E9 D8 00 02 E8 46 00 05 09 95 00 05 0B 16 00 05 08 CD
1609,1,3,FC3 request: start=102 qty=16,03 00 66 00 10
1611,1,3,"FC3 response: 16 reg(s) [21, 25089, 0, 0, 21, 26726]",03 20 00 15 62 01 00 00 00 00 00 15 68 66 00 00 00 00 00 00 00 00 00 00 00 00 00 00 00 00 00 01 08 AC
1613,1,3,FC3 request: start=166 qty=36,03 00 A6 00 24
1619,1,3,FC3 request: start=25012 qty=1,03 61 B4 00 01
1619,1,3,FC3 response: 1 reg(s) [124],03 02 00 7C
1621,1,3,FC3 request: start=16 qty=18,03 00 10 00 12
1623,1,3,"FC3 response: 18 reg(s) [0, 24633, 0, 24616, 0, 24260]",03 24 00 00 60 39 00 00 60 28 00 00 5E C4 00 02 E6 D5 00 02 E9 C5 00 02 E9 35 00 05 07 CC 00 05 0C A0 00 05 08 BA
1623,1,3,FC3 request: start=102 qty=16,03 00 66 00 10
1625,1,3,"FC3 response: 16 reg(s) [21, 21786, 0, 0, 21, 23511]",03 20 00 15 55 1A 00 00 00 00 00 15 5B D7 00 00 00 00 00 00 00 00 00 00 00 00 00 00 00 00 00 01 0F 62
1627,1,3,FC3 request: start=166 qty=36,03 00 A6 00 24
1631,1,3,FC3 request: start=25012 qty=1,03 61 B4 00 01
1631,1,3,FC3 response: 1 reg(s) [124],03 02 00 7C
1633,1,3,FC3 request: start=16 qty=18,03 00 10 00 12
1635,1,3,"FC3 response: 18 reg(s) [0, 24363, 0, 24370, 0, 24142]",03 24 00 00 5F 2B 00 00 5F 32 00 00 5E 4E 00 02 E3 B2 00 02 E8 19 00 02 E8 04 00 05 02 E3 00 05 0B 19 00 05 04 C7
1637,1,3,FC3 request: start=102 qty=16,03 00 66 00 10
1639,1,3,"FC3 response: 16 reg(s) [21, 8374, 0, 0, 21, 9002]",03 20 00 15 20 B6 00 00 00 00 00 15 23 2A 00 00 00 00 00 00 00 00 00 00 00 00 00 00 00 00 00 00 A2 EA
1639,1,3,FC3 request: start=166 qty=36,03 00 A6 00 24
1645,1,3,FC3 request: start=25012 qty=1,03 61 B4 00 01
1645,1,3,FC3 response: 1 reg(s) [124],03 02 00 7C
1647,1,3,FC3 request: start=16 qty=18,03 00 10 00 12
1649,1,3,"FC3 response: 18 reg(s) [0, 24351, 0, 24332, 0, 24113]",03 24 00 00 5F 1F 00 00 5F 0C 00 00 5E 31 00 02 E7 2D 00 02 E9 45 00 02 E7 E2 00 05 08 55 00 05 0A 57 00 05 07 EA
1649,1,3,FC3 request: start=102 qty=16,03 00 66 00 10
1651,1,3,"FC3 response: 16 reg(s) [21, 8308, 0, 0, 21, 8991]",03 20 00 15 20 74 00 00 00 00 00 15 23 1F 00 00 00 00 00 00 00 00 00 00 00 00 00 00 00 00 00 00 A9 E7
1651,1,3,FC3 request: start=166 qty=36,03 00 A6 00 24
1655,1,3,FC3 request: start=25012 qty=1,03 61 B4 00 01
1655,1,3,FC3 response: 1 reg(s) [124],03 02 00 7C
1657,1,3,FC3 request: start=16 qty=18,03 00 10 00 12
1659,1,3,"FC3 response: 18 reg(s) [0, 24357, 0, 24513, 0, 24006]",03 24 00 00 5F 25 00 00 5F C1 00 00 5D C6 00 02 E7 5C 00 02 E9 3A 00 02 E7 39 00 05 08 DD 00 05 09 76 00 05 07 5E
1659,1,3,FC3 request: start=102 qty=16,03 00 66 00 10
1661,1,3,"FC3 response: 16 reg(s) [21, 8193, 0, 0, 21, 9711]",03 20 00 15 20 01 00 00 00 00 00 15 25 EF 00 00 00 00 00 00 00 00 00 00 00 00 00 00 00 00 00 00 FD 44
1663,1,3,FC3 request: start=166 qty=36,03 00 A6 00 24
1667,1,3,FC3 request: start=25012 qty=1,03 61 B4 00 01
1667,1,3,FC3 response: 1 reg(s) [124],03 02 00 7C
1669,1,3,FC3 request: start=16 qty=18,03 00 10 00 12
1671,1,3,"FC3 response: 18 reg(s) [0, 24118, 0, 24042, 0, 23779]",03 24 00 00 5E 36 00 00 5D EA 00 00 5C E3 00 02 E4 DD 00 02 E8 30 00 02 E8 8E 00 05 04 13 00 05 0B 2B 00 05 06 A1
1673,1,3,FC3 request: start=102 qty=16,03 00 66 00 10
1675,1,3,"FC3 response: 16 reg(s) [20, 56181, 0, 0, 20, 57439]",03 20 00 14 DB 75 00 00 00 00 00 14 E0 5F 00 00 00 00 00 00 00 00 00 00 00 00 00 00 00 00 00 00 E5 18
1677,1,3,FC3 request: start=166 qty=36,03 00 A6 00 24
1681,1,3,FC3 request: start=25012 qty=1,03 61 B4 00 01
1681,1,3,FC3 response: 1 reg(s) [124],03 02 00 7C
